SSBSECT_SUBJ_CODE,SSBSECT_CRSE_NUMB,SSBSECT_TERM_CODE,SSBSECT_CRN,SSRATTR_TERM_CODE,SSRATTR_CRN,SSRATTR_ATTR_CODE,SSRATTR_ACTIVITY_DATE
ACC,101,202110,10471,202110,10471,RMOT,2020/10/29
ACC,201,202110,10472,202110,10472,RMOT,2020/10/29
AFR,103,202110,10617,202110,10617,A7,2020/10/28
AFR,103,202110,10617,202110,10617,MOIE,2020/10/28
AFR,103,202110,10617,202110,10617,W,2020/10/28
AFR,104,202110,10784,202110,10784,MOIE,2020/11/03
AFR,104,202110,10784,202110,10784,RMOT,2020/11/08
AFR,104,202110,10784,202110,10784,SDP,2020/11/03
AFR,114,202110,10677,202110,10677,A5,2020/11/02
AFR,114,202110,10677,202110,10677,MOIA,2020/11/02
AFR,165,202110,10368,202110,10368,A5,2020/02/24
AFR,165,202110,10368,202110,10368,MOIA,2020/02/24
AFR,165,202110,10368,202110,10368,RMOT,2020/11/02
AFR,165,202110,10679,202110,10679,A5,2020/11/02
AFR,165,202110,10679,202110,10679,MOIA,2020/11/02
AFR,165,202110,10679,202110,10679,SDP,2020/11/02
AFR,202,202110,10535,202110,10535,A3,2020/03/06
AFR,202,202110,10535,202110,10535,CC,2020/03/06
AFR,202,202110,10535,202110,10535,MOIB,2020/03/06
AFR,202,202110,10535,202110,10535,MOIE,2020/03/06
AFR,202,202110,10535,202110,10535,W,2020/03/06
AFR,208,202110,10598,202110,10598,MOIE,2020/06/09
AFR,209,202110,10658,202110,10658,A4,2020/10/30
AFR,209,202110,10658,202110,10658,MOIB,2020/10/30
AFR,209,202110,10658,202110,10658,RMOT,2020/11/08
AFR,209,202110,10658,202110,10658,W,2020/10/30
AFR,214,202110,10685,202110,10685,A5,2020/11/02
AFR,214,202110,10685,202110,10685,MOIA,2020/11/02
AFR,224,202110,10599,202110,10599,A3,2020/06/09
AFR,224,202110,10599,202110,10599,MOIE,2020/06/09
AFR,224,202110,10599,202110,10599,W,2020/06/09
AFR,230,202110,10831,202110,10831,MOIB,2020/11/05
AFR,230,202110,10831,202110,10831,MOIE,2020/11/05
AFR,230,202110,10831,202110,10831,RMOT,2020/11/08
AFR,237,202110,10871,202110,10871,MOIE,2020/11/16
AFR,237,202110,10871,202110,10871,RMOT,2020/11/16
AFR,245,202110,10629,202110,10629,A7,2020/10/28
AFR,245,202110,10629,202110,10629,MOIE,2020/10/28
AFR,252,202110,10695,202110,10695,ASPA,2020/11/02
AFR,252,202110,10695,202110,10695,MOIB,2020/11/02
AFR,252,202110,10695,202110,10695,MOIE,2020/11/02
AFR,252,202110,10695,202110,10695,RMOT,2020/11/08
AFR,252,202110,10695,202110,10695,WLC,2020/11/02
AFR,260,202110,10511,202110,10511,MOIE,2020/03/04
AFR,262,202110,10734,202110,10734,MOIA,2020/11/02
AFR,266,202110,10846,202110,10846,MOD2,2020/11/06
AFR,266,202110,10846,202110,10846,MOIE,2020/11/05
AFR,266,202110,10846,202110,10846,W,2020/11/05
AFR,304,202110,10090,202110,10090,MOIB,2020/02/04
AFR,304,202110,10090,202110,10090,MOIE,2020/02/04
AFR,304,202110,10090,202110,10090,W,2020/02/04
AFR,315,202110,10785,202110,10785,MOIB,2020/11/03
AFR,315,202110,10785,202110,10785,MOIE,2020/11/03
AFR,315,202110,10785,202110,10785,SDP,2020/11/03
AFR,315,202110,10785,202110,10785,W,2020/11/03
AFR,367,202110,10859,202110,10859,MOIE,2020/11/06
AFR,367,202110,10859,202110,10859,W,2020/11/06
AFR,379,202110,10586,202110,10586,MOIB,2020/03/27
AFR,379,202110,10586,202110,10586,MOIE,2020/03/27
AFR,379,202110,10586,202110,10586,RMOT,2020/11/08
AFR,379,202110,10586,202110,10586,W,2020/03/27
AFR,416,202110,10779,202110,10779,RMOT,2020/11/08
AFR,435,202110,10850,202110,10850,MOIE,2020/11/05
AFR,435,202110,10850,202110,10850,W,2020/11/05
AHI,101,202110,10054,202110,10054,A7,2020/01/30
AHI,101,202110,10054,202110,10054,MOIE,2020/01/30
AHI,101,202110,10054,202110,10054,RMOT,2020/10/29
AHI,103,202110,10055,202110,10055,A7,2020/01/30
AHI,103,202110,10055,202110,10055,CC,2020/01/30
AHI,103,202110,10055,202110,10055,MOIB,2020/01/30
AHI,103,202110,10055,202110,10055,MOIE,2020/01/30
AHI,103,202110,10057,202110,10057,A7,2020/01/30
AHI,103,202110,10057,202110,10057,CC,2020/01/30
AHI,103,202110,10057,202110,10057,MOIB,2020/01/30
AHI,103,202110,10057,202110,10057,MOIE,2020/01/30
AHI,104,202110,10642,202110,10642,A7,2020/10/28
AHI,104,202110,10642,202110,10642,MOD1,2020/10/29
AHI,104,202110,10642,202110,10642,MOIE,2020/10/28
AHI,104,202110,10644,202110,10644,A7,2020/10/28
AHI,104,202110,10644,202110,10644,MOD2,2020/10/29
AHI,104,202110,10644,202110,10644,MOIE,2020/10/28
AHI,105,202110,10059,202110,10059,A7,2020/01/30
AHI,105,202110,10059,202110,10059,CC,2020/01/30
AHI,105,202110,10059,202110,10059,MOD1,2020/10/29
AHI,105,202110,10059,202110,10059,MOIB,2020/01/30
AHI,105,202110,10059,202110,10059,MOIE,2020/01/30
AHI,105,202110,10059,202110,10059,RMOT,2020/10/29
AHI,105,202110,10646,202110,10646,A7,2020/10/28
AHI,105,202110,10646,202110,10646,CC,2020/10/28
AHI,105,202110,10646,202110,10646,MOD2,2020/10/29
AHI,105,202110,10646,202110,10646,MOIB,2020/10/28
AHI,105,202110,10646,202110,10646,MOIE,2020/10/28
AHI,105,202110,10646,202110,10646,RMOT,2020/10/29
AHI,105F,202110,10060,202110,10060,FLAC,2020/11/04
AHI,105F,202110,10060,202110,10060,RMOT,2020/10/29
AHI,110,202110,10647,202110,10647,A7,2020/10/28
AHI,110,202110,10647,202110,10647,MOIB,2020/10/28
AHI,110,202110,10647,202110,10647,MOIE,2020/10/28
AHI,110,202110,10647,202110,10647,RMOT,2020/10/29
AHI,110,202110,10647,202110,10647,W,2020/10/28
AHI,203,202110,10063,202110,10063,A7,2020/01/30
AHI,203,202110,10063,202110,10063,MOIE,2020/01/30
AHI,205,202110,10648,202110,10648,MOD2,2020/10/29
AHI,205,202110,10648,202110,10648,MOIB,2020/10/28
AHI,205,202110,10648,202110,10648,MOIE,2020/10/28
AHI,206,202110,10061,202110,10061,A7,2020/01/30
AHI,206,202110,10061,202110,10061,MOIB,2020/03/30
AHI,206,202110,10061,202110,10061,MOIE,2020/01/30
AHI,206,202110,10061,202110,10061,RMOT,2020/10/29
AHI,206,202110,10061,202110,10061,W,2020/01/30
AHI,225,202110,10065,202110,10065,MOIE,2020/06/09
AHI,225,202110,10065,202110,10065,W,2020/06/09
AHI,227,202110,10651,202110,10651,RMOT,2020/10/29
AHI,227,202110,10651,202110,10651,W,2020/10/28
AHI,232,202110,10652,202110,10652,A7,2020/10/28
AHI,232,202110,10652,202110,10652,MOIE,2020/10/28
AHI,232,202110,10652,202110,10652,RMOT,2020/10/29
AHI,232,202110,10652,202110,10652,W,2020/10/28
AHI,283,202110,10068,202110,10068,MOIB,2020/01/30
AHI,283,202110,10068,202110,10068,RMOT,2020/10/29
AHI,404,202110,10577,202110,10577,MOIB,2020/03/30
AHI,404,202110,10577,202110,10577,MOIE,2020/03/30
AHI,413,202110,10070,202110,10070,ADVS,2020/01/30
AHI,413,202110,10070,202110,10070,MOIB,2020/11/04
AHI,413,202110,10070,202110,10070,MOIE,2020/11/04
AHI,413,202110,10070,202110,10070,RMOT,2020/10/29
AHI,413,202110,10070,202110,10070,W,2020/01/30
AHI,496,202110,10071,202110,10071,RMOT,2020/10/29
AHI,496,202110,10071,202110,10071,W,2020/01/30
AMS,102,202110,10619,202110,10619,A7,2020/10/28
AMS,102,202110,10619,202110,10619,MOIE,2020/10/28
AMS,102,202110,10619,202110,10619,W,2020/10/28
AMS,209,202110,10660,202110,10660,A4,2020/10/30
AMS,209,202110,10660,202110,10660,MOIB,2020/10/30
AMS,209,202110,10660,202110,10660,RMOT,2020/11/08
AMS,209,202110,10660,202110,10660,W,2020/10/30
AMS,215,202110,10622,202110,10622,MOD1,2020/11/06
AMS,215,202110,10622,202110,10622,MOIB,2020/10/28
AMS,215,202110,10622,202110,10622,MOIE,2020/10/28
AMS,215,202110,10622,202110,10622,SDP,2020/11/05
AMS,215,202110,10622,202110,10622,W,2020/10/28
AMS,232,202110,10589,202110,10589,MOIE,2020/04/02
AMS,232,202110,10589,202110,10589,RMOT,2020/11/08
AMS,232,202110,10589,202110,10589,SDP,2020/04/02
AMS,253,202110,10113,202110,10113,A4,2020/02/07
AMS,253,202110,10113,202110,10113,MOIB,2020/02/07
AMS,253,202110,10113,202110,10113,MOIE,2020/02/07
AMS,253,202110,10113,202110,10113,RMOT,2020/11/08
AMS,253,202110,10113,202110,10113,W,2020/02/07
AMS,257,202110,10631,202110,10631,MOIE,2020/10/28
AMS,267,202110,10847,202110,10847,MOD2,2020/11/06
AMS,267,202110,10847,202110,10847,MOIE,2020/11/05
AMS,267,202110,10847,202110,10847,W,2020/11/05
AMS,276,202110,10601,202110,10601,CC,2020/06/12
AMS,276,202110,10601,202110,10601,MOIE,2020/06/12
AMS,276,202110,10601,202110,10601,W,2020/06/12
AMS,354,202110,10854,202110,10854,MOD2,2020/11/06
AMS,354,202110,10854,202110,10854,MOIE,2020/11/06
AMS,354,202110,10854,202110,10854,W,2020/11/06
AMS,367,202110,10857,202110,10857,MOIE,2020/11/06
AMS,367,202110,10857,202110,10857,W,2020/11/06
AMS,379,202110,10585,202110,10585,MOIB,2020/03/27
AMS,379,202110,10585,202110,10585,MOIE,2020/03/27
AMS,379,202110,10585,202110,10585,RMOT,2020/11/08
AMS,379,202110,10585,202110,10585,W,2020/03/27
AMS,423,202110,10093,202110,10093,MOIE,2020/02/04
AMS,423,202110,10093,202110,10093,W,2020/02/04
AMS,428,202110,10095,202110,10095,A7,2020/02/04
AMS,428,202110,10095,202110,10095,MOIE,2020/02/04
AMS,428,202110,10095,202110,10095,RMOT,2020/11/08
AMS,428,202110,10095,202110,10095,W,2020/02/04
AMS,435,202110,10851,202110,10851,MOIE,2020/11/05
AMS,435,202110,10851,202110,10851,W,2020/11/05
AMS,465,202110,10098,202110,10098,ADVS,2020/02/04
AMS,465,202110,10098,202110,10098,MOIB,2020/02/04
AMS,465,202110,10098,202110,10098,MOIE,2020/02/04
AMS,465,202110,10098,202110,10098,W,2020/02/04
ANT,103,202110,10520,202110,10520,A3,2020/03/05
ANT,103,202110,10520,202110,10520,MOIE,2020/03/05
ANT,103,202110,10520,202110,10520,RMOT,2020/11/08
ANT,103,202110,10787,202110,10787,A3,2020/11/03
ANT,103,202110,10787,202110,10787,MOIE,2020/11/03
ANT,114,202110,10258,202110,10258,A3,2020/02/17
ANT,114,202110,10258,202110,10258,CC,2020/02/17
ANT,114,202110,10258,202110,10258,MOIE,2020/02/17
ANT,114,202110,10258,202110,10258,RMOT,2020/11/02
ANT,114,202110,10260,202110,10260,A3,2020/02/17
ANT,114,202110,10260,202110,10260,CC,2020/02/17
ANT,114,202110,10260,202110,10260,MOIE,2020/02/17
ANT,114,202110,10260,202110,10260,RMOT,2020/11/02
ANT,114,202110,10668,202110,10668,A3,2020/10/30
ANT,114,202110,10668,202110,10668,CC,2020/10/30
ANT,114,202110,10668,202110,10668,MOIE,2020/10/30
ANT,114,202110,10668,202110,10668,RMOT,2020/11/02
ANT,114,202110,10668,202110,10668,SDP,2020/10/30
ANT,117,202110,10304,202110,10304,A3,2020/02/18
ANT,117,202110,10304,202110,10304,CC,2020/02/18
ANT,117,202110,10304,202110,10304,MOIE,2020/02/18
ANT,117,202110,10304,202110,10304,RMOT,2020/11/08
ANT,166,202110,10369,202110,10369,A5,2020/02/24
ANT,166,202110,10369,202110,10369,MOIA,2020/02/24
ANT,166,202110,10369,202110,10369,RMOT,2020/11/02
ANT,166,202110,10680,202110,10680,A5,2020/11/02
ANT,166,202110,10680,202110,10680,MOIA,2020/11/02
ANT,166,202110,10680,202110,10680,SDP,2020/11/02
ANT,206,202110,10062,202110,10062,A7,2020/01/30
ANT,206,202110,10062,202110,10062,MOIB,2020/03/30
ANT,206,202110,10062,202110,10062,MOIE,2020/01/30
ANT,206,202110,10062,202110,10062,RMOT,2020/11/08
ANT,206,202110,10062,202110,10062,W,2020/01/30
ANT,207,202110,10602,202110,10602,RMOT,2020/11/08
ANT,220,202110,10262,202110,10262,MOIE,2020/02/17
ANT,226,202110,10811,202110,10811,MOIB,2020/11/04
ANT,226,202110,10812,202110,10812,MOIB,2020/11/04
ANT,234,202110,10311,202110,10311,A3,2020/02/18
ANT,234,202110,10311,202110,10311,MOIB,2020/02/18
ANT,234,202110,10311,202110,10311,MOIE,2020/02/18
ANT,234,202110,10311,202110,10311,RMOT,2020/11/02
ANT,234,202110,10311,202110,10311,W,2020/02/18
ANT,256,202110,10508,202110,10508,A3,2020/03/04
ANT,256,202110,10508,202110,10508,MOIE,2020/03/04
ANT,256,202110,10508,202110,10508,RMOT,2020/11/02
ANT,256,202110,10508,202110,10508,SDP,2020/11/05
ANT,256,202110,10508,202110,10508,W,2020/03/04
ANT,260,202110,10510,202110,10510,MOIE,2020/06/09
ANT,316,202110,10117,202110,10117,MOIB,2020/02/07
ANT,316,202110,10117,202110,10117,MOIE,2020/02/07
ANT,316,202110,10117,202110,10117,RMOT,2020/11/02
ANT,316,202110,10117,202110,10117,SDP,2020/03/30
ANT,319,202110,10274,202110,10274,RMOT,2020/11/02
ANT,319,202110,10274,202110,10274,SDP,2020/11/05
ANT,319,202110,10274,202110,10274,W,2020/11/05
ANT,320,202110,10275,202110,10275,MOIE,2020/02/17
ANT,353,202110,10277,202110,10277,MOIE,2020/02/17
ANT,393,202110,10278,202110,10278,MOIB,2020/06/19
ANT,393,202110,10278,202110,10278,MOIE,2020/06/19
ANT,393,202110,10278,202110,10278,RMOT,2020/11/02
ARA,102,202110,10039,202110,10039,AARA,2020/01/17
ARA,102,202110,10039,202110,10039,EARA,2020/01/17
ARA,102,202110,10039,202110,10039,WLC,2020/01/17
ARA,202,202110,10040,202110,10040,AARA,2020/01/17
ARA,202,202110,10040,202110,10040,INFL,2020/01/17
ARA,202,202110,10040,202110,10040,WLC,2020/01/17
ARA,230,202110,10479,202110,10479,A4,2020/03/02
ARA,230,202110,10479,202110,10479,AARA,2020/03/02
ARA,230,202110,10479,202110,10479,MOIB,2020/03/02
ARC,103,202110,10056,202110,10056,A7,2020/01/30
ARC,103,202110,10056,202110,10056,CC,2020/01/30
ARC,103,202110,10056,202110,10056,MOIB,2020/01/30
ARC,103,202110,10056,202110,10056,MOIE,2020/01/30
ARC,103,202110,10058,202110,10058,A7,2020/01/30
ARC,103,202110,10058,202110,10058,CC,2020/01/30
ARC,103,202110,10058,202110,10058,MOIB,2020/01/30
ARC,103,202110,10058,202110,10058,MOIE,2020/01/30
ARC,205,202110,10649,202110,10649,MOD2,2020/10/29
ARC,205,202110,10649,202110,10649,MOIB,2020/10/28
ARC,205,202110,10649,202110,10649,MOIE,2020/10/28
ARC,225,202110,10066,202110,10066,MOIE,2020/06/09
ARC,225,202110,10066,202110,10066,W,2020/06/09
ARC,342,202110,10072,202110,10072,MOIA,2020/01/30
ARC,342,202110,10072,202110,10072,RMOT,2020/10/29
ART,101,202110,10240,202110,10240,A5,2020/02/17
ART,101,202110,10240,202110,10240,MOIA,2020/02/17
ART,101,202110,10240,202110,10240,RMOT,2020/11/08
ART,103,202110,10241,202110,10241,MOIA,2020/06/19
ART,104,202110,10242,202110,10242,A5,2020/02/17
ART,104,202110,10242,202110,10242,CC,2020/02/17
ART,104,202110,10242,202110,10242,MOIA,2020/02/17
ART,106,202110,10244,202110,10244,A5,2020/02/17
ART,106,202110,10244,202110,10244,CC,2020/02/17
ART,106,202110,10244,202110,10244,MOIA,2020/02/17
ART,200A,202110,10245,202110,10245,MOIA,2020/06/19
ART,200B,202110,10700,202110,10700,MOIA,2020/11/02
ART,200B,202110,10700,202110,10700,RMOT,2020/11/08
ART,204,202110,10246,202110,10246,RMOT,2020/11/08
ART,205,202110,10247,202110,10247,A5,2020/02/17
ART,205,202110,10247,202110,10247,MOIA,2020/02/17
ART,206,202110,10816,202110,10816,MOIA,2020/11/05
ART,206,202110,10816,202110,10816,RMOT,2020/11/05
ART,207,202110,10248,202110,10248,MOIA,2020/02/17
ART,209,202110,10249,202110,10249,MOIA,2020/02/17
ART,209,202110,10249,202110,10249,RMOT,2020/11/08
ART,210,202110,10250,202110,10250,CC,2020/02/17
ART,210,202110,10250,202110,10250,MOIA,2020/02/17
ART,210,202110,10250,202110,10250,RMOT,2020/11/08
ART,214,202110,10252,202110,10252,RMOT,2020/11/08
ART,217,202110,10256,202110,10256,MOIA,2020/11/05
ART,222D,202110,10763,202110,10763,MOIA,2020/11/03
ART,251,202110,10817,202110,10817,MOIA,2020/11/05
ART,300,202110,10762,202110,10762,MOIA,2020/11/05
ART,300,202110,10762,202110,10762,RMOT,2020/11/08
ART,342,202110,10073,202110,10073,MOIA,2020/01/30
ART,342,202110,10073,202110,10073,RMOT,2020/11/04
ART,450A,202110,10263,202110,10263,FREE,2020/02/17
ART,450B,202110,10265,202110,10265,FREE,2020/02/17
ART,450C,202110,10266,202110,10266,FREE,2020/02/17
ART,450D,202110,10267,202110,10267,FREE,2020/02/17
ART,450E,202110,10268,202110,10268,FREE,2020/02/17
ART,450G,202110,10270,202110,10270,FREE,2020/02/17
ASL,101,202110,10006,202110,10006,AASL,2020/10/28
ASL,101,202110,10006,202110,10006,WLC,2020/06/22
AST,110,202110,10102,202110,10102,A1,2020/02/06
AST,110,202110,10102,202110,10102,MOID,2020/02/06
AST,110,202110,10665,202110,10665,A1,2020/10/30
AST,110,202110,10665,202110,10665,MOID,2020/10/30
AST,201,202110,10103,202110,10103,MOID,2020/02/06
AST,201,202110,10103,202110,10103,RMOT,2020/10/30
AT,104,202110,10243,202110,10243,A5,2020/02/17
AT,104,202110,10243,202110,10243,CC,2020/02/17
AT,104,202110,10243,202110,10243,MOIA,2020/02/17
AT,209,202110,10251,202110,10251,MOIA,2020/02/17
AT,209,202110,10251,202110,10251,RMOT,2020/11/08
AT,214,202110,10253,202110,10253,RMOT,2020/11/08
AT,217,202110,10663,202110,10663,MOIA,2020/10/30
AT,217,202110,10663,202110,10663,MOIC,2020/10/30
AT,217,202110,10663,202110,10663,RMOT,2020/11/08
AT,225,202110,10067,202110,10067,A7,2020/01/30
AT,225,202110,10067,202110,10067,MOIE,2020/06/09
AT,225,202110,10067,202110,10067,W,2020/01/30
AT,304,202110,10344,202110,10344,MOIA,2020/03/30
AT,304,202110,10344,202110,10344,MOIB,2020/03/30
AT,312,202110,10220,202110,10220,RMOT,2020/11/08
AT,402,202110,10539,202110,10539,RMOT,2020/11/08
BIO,120C,202110,10158,202110,10158,MOID,2020/02/13
BIO,120D,202110,10159,202110,10159,MOID,2020/02/13
BIO,120D,202110,10159,202110,10159,RMOT,2020/11/08
BIO,120G,202110,10160,202110,10160,MOID,2020/02/13
BIO,120H,202110,10774,202110,10774,MOID,2020/11/03
BIO,120H,202110,10774,202110,10774,RMOT,2020/11/08
BIO,202,202110,10161,202110,10161,RMOT,2020/11/08
BIO,202,202110,10161,202110,10161,W,2020/02/13
BIO,202L,202110,10162,202110,10162,RMOT,2020/11/08
BIO,202L,202110,10163,202110,10163,RMOT,2020/11/08
BIO,203,202110,10164,202110,10164,MOIC,2020/02/13
BIO,203,202110,10164,202110,10164,RMOT,2020/11/08
BIO,209,202110,10166,202110,10166,MOID,2020/02/13
BIO,210,202110,10169,202110,10169,MOID,2020/02/13
BIO,214,202110,10172,202110,10172,RMOT,2020/11/08
BIO,235,202110,10769,202110,10769,MOIC,2020/11/03
BIO,235,202110,10769,202110,10769,MOID,2020/11/03
BIO,301,202110,10841,202110,10841,MOID,2020/11/05
BIO,302,202110,10174,202110,10174,W,2020/02/13
BIO,316,202110,10176,202110,10176,MOID,2020/02/13
BIO,322,202110,10177,202110,10177,RMOT,2020/11/08
BIO,322,202110,10177,202110,10177,W,2020/02/13
BIO,330,202110,10178,202110,10178,RMOT,2020/11/08
BIO,336,202110,10182,202110,10182,RMOT,2020/11/08
BIO,493G,202110,10184,202110,10184,ADVS,2020/02/13
BIO,493G,202110,10184,202110,10184,FREE,2020/02/13
BIO,493G,202110,10184,202110,10184,W,2020/02/13
BOT,114,202110,10288,202110,10288,CC,2020/02/18
BOT,114,202110,10288,202110,10288,MOID,2020/02/18
BOT,114,202110,10288,202110,10288,RMOT,2020/11/08
BOT,114L,202110,10297,202110,10297,100L,2020/02/18
BOT,114L,202110,10301,202110,10301,100L,2020/02/18
BOT,117,202110,10302,202110,10302,A3,2020/02/18
BOT,117,202110,10302,202110,10302,CC,2020/02/18
BOT,117,202110,10302,202110,10302,MOIE,2020/02/18
BOT,117,202110,10302,202110,10302,RMOT,2020/11/08
BOT,207,202110,10307,202110,10307,RMOT,2020/11/08
BOT,230,202110,10309,202110,10309,A1,2020/02/18
BOT,230,202110,10309,202110,10309,MOID,2020/02/18
BOT,234,202110,10310,202110,10310,A3,2020/02/18
BOT,234,202110,10310,202110,10310,MOIB,2020/02/18
BOT,234,202110,10310,202110,10310,MOIE,2020/02/18
BOT,234,202110,10310,202110,10310,RMOT,2020/11/08
BOT,234,202110,10310,202110,10310,W,2020/02/18
BOT,493N,202110,10313,202110,10313,ADVS,2020/02/18
BOT,493N,202110,10313,202110,10313,FREE,2020/02/18
BOT,493N,202110,10313,202110,10313,RMOT,2020/11/08
BOT,493N,202110,10313,202110,10313,W,2020/02/18
CA,201,202110,10514,202110,10514,RMOT,2020/10/29
CA,302,202110,10513,202110,10513,MOD1,2020/10/29
CA,302,202110,10513,202110,10513,RMOT,2020/10/29
CA,402,202110,10512,202110,10512,MOD2,2020/10/29
CA,402,202110,10512,202110,10512,RMOT,2020/10/29
CHI,102,202110,10074,202110,10074,ACHI,2020/01/31
CHI,102,202110,10074,202110,10074,ECHI,2020/01/31
CHI,102,202110,10074,202110,10074,WLC,2020/01/31
CHI,202,202110,10075,202110,10075,ACHI,2020/01/31
CHI,202,202110,10075,202110,10075,INFL,2020/01/31
CHI,202,202110,10075,202110,10075,WLC,2020/01/31
CHI,302,202110,10076,202110,10076,ACHI,2020/01/31
CHI,302,202110,10076,202110,10076,INFL,2020/01/31
CHI,302,202110,10076,202110,10076,RMOT,2020/11/02
CHI,302,202110,10076,202110,10076,WLC,2020/01/31
CHI,412,202110,10077,202110,10077,MOIB,2020/01/31
CHI,412,202110,10077,202110,10077,MOIE,2020/01/31
CHI,412,202110,10077,202110,10077,W,2020/01/31
CHI,412,202110,10077,202110,10077,WLC,2020/01/31
CHI,414,202110,10537,202110,10537,MOIB,2020/03/16
CHI,414,202110,10537,202110,10537,MOIE,2020/03/16
CHI,414,202110,10537,202110,10537,W,2020/03/16
CHI,414,202110,10537,202110,10537,WLC,2020/03/16
CHI,416,202110,10582,202110,10582,RMOT,2020/11/02
CHI,416,202110,10582,202110,10582,WLC,2020/03/30
CHM,100,202110,10187,202110,10187,A1,2020/02/14
CHM,100,202110,10187,202110,10187,CC,2020/02/14
CHM,100,202110,10187,202110,10187,MOID,2020/02/14
CHM,104L,202110,10190,202110,10190,100L,2020/02/14
CHM,104L,202110,10190,202110,10190,RMOT,2020/10/29
CHM,104L,202110,10196,202110,10196,100L,2020/02/14
CHM,104L,202110,10197,202110,10197,100L,2020/02/14
CHM,104L,202110,10197,202110,10197,RMOT,2020/10/29
CHM,104L,202110,10198,202110,10198,100L,2020/02/14
CHM,104L,202110,10199,202110,10199,100L,2020/02/14
CHM,104L,202110,10199,202110,10199,RMOT,2020/10/29
CHM,104L,202110,10200,202110,10200,100L,2020/02/14
CHM,224,202110,10210,202110,10210,RMOT,2020/10/29
CHM,224L,202110,10214,202110,10214,RMOT,2020/10/29
CHM,304,202110,10218,202110,10218,RMOT,2020/10/29
CHM,304,202110,10218,202110,10218,W,2020/02/14
CLA,104,202110,10041,202110,10041,A6,2020/01/17
CLA,104,202110,10041,202110,10041,CC,2020/01/17
CLA,104,202110,10041,202110,10041,MOIB,2020/01/17
CLA,300,202110,10042,202110,10042,RMOT,2020/10/29
COM,110,202110,10185,202110,10185,A2,2020/02/14
COM,110,202110,10185,202110,10185,CC,2020/02/14
COM,110,202110,10185,202110,10185,MOIC,2020/02/14
COM,110,202110,10185,202110,10185,RMOT,2020/10/30
COM,110L,202110,10186,202110,10186,100L,2020/02/14
COM,110L,202110,10186,202110,10186,RMOT,2020/10/30
COM,110L,202110,10188,202110,10188,100L,2020/02/14
COM,110L,202110,10188,202110,10188,RMOT,2020/10/30
COM,203,202110,10165,202110,10165,MOIC,2020/11/04
COM,203,202110,10165,202110,10165,RMOT,2020/10/30
COM,212,202110,10192,202110,10192,MOIC,2020/02/14
COM,212,202110,10192,202110,10192,RMOT,2020/10/30
COM,212,202110,10193,202110,10193,MOIC,2020/02/14
COM,212,202110,10193,202110,10193,RMOT,2020/10/30
COM,214,202110,10194,202110,10194,A2,2020/02/14
COM,214,202110,10194,202110,10194,MOIC,2020/02/14
COM,214,202110,10194,202110,10194,RMOT,2020/10/30
COM,217,202110,10662,202110,10662,MOIA,2020/10/30
COM,217,202110,10662,202110,10662,MOIC,2020/10/30
COM,217,202110,10662,202110,10662,RMOT,2020/10/30
COM,219,202110,10202,202110,10202,MOIC,2020/02/14
COM,219,202110,10202,202110,10202,RMOT,2020/10/30
COM,307,202110,10195,202110,10195,RMOT,2020/10/30
COM,312,202110,10217,202110,10217,RMOT,2020/10/30
COM,316,202110,10664,202110,10664,RMOT,2020/10/30
COM,496,202110,10223,202110,10223,RMOT,2020/10/30
COM,496,202110,10224,202110,10224,RMOT,2020/10/30
CRE,102,202110,10819,202110,10819,MOIE,2020/11/05
CRE,102,202110,10819,202110,10819,RMOT,2020/11/08
CRE,103,202110,10864,202110,10864,MOIE,2020/11/09
CRE,103,202110,10864,202110,10864,RMOT,2020/11/09
CRE,103,202110,10865,202110,10865,MOIE,2020/11/09
CRE,103,202110,10865,202110,10865,RMOT,2020/11/09
CRE,165,202110,10370,202110,10370,A5,2020/02/24
CRE,165,202110,10370,202110,10370,MOIA,2020/02/24
CRE,165,202110,10681,202110,10681,A5,2020/11/02
CRE,165,202110,10681,202110,10681,MOIA,2020/11/02
CRE,165,202110,10681,202110,10681,SDP,2020/11/02
CRE,209,202110,10659,202110,10659,A4,2020/10/30
CRE,209,202110,10659,202110,10659,MOIB,2020/10/30
CRE,209,202110,10659,202110,10659,RMOT,2020/11/02
CRE,209,202110,10659,202110,10659,W,2020/10/30
CRE,210,202110,10686,202110,10686,ASPA,2020/11/02
CRE,210,202110,10686,202110,10686,MOIE,2020/11/02
CRE,210,202110,10686,202110,10686,RMOT,2020/11/02
CRE,210,202110,10686,202110,10686,SDP,2020/11/02
CRE,210,202110,10686,202110,10686,W,2020/11/02
CRE,210,202110,10686,202110,10686,WLC,2020/11/02
CRE,215,202110,10624,202110,10624,MOD1,2020/11/02
CRE,215,202110,10624,202110,10624,MOIB,2020/10/28
CRE,215,202110,10624,202110,10624,MOIE,2020/10/28
CRE,215,202110,10624,202110,10624,SDP,2020/11/05
CRE,215,202110,10624,202110,10624,W,2020/10/28
CRE,230,202110,10844,202110,10844,MOIB,2020/11/05
CRE,230,202110,10844,202110,10844,MOIE,2020/11/05
CRE,230,202110,10844,202110,10844,RMOT,2020/11/08
CRE,231,202110,10866,202110,10866,MOIE,2020/11/09
CRE,231,202110,10866,202110,10866,RMOT,2020/11/09
CRE,231,202110,10866,202110,10866,SDP,2020/11/09
CRE,237,202110,10872,202110,10872,MOIE,2020/11/16
CRE,237,202110,10872,202110,10872,RMOT,2020/11/16
CRE,251,202110,10698,202110,10698,ASPA,2020/11/02
CRE,251,202110,10698,202110,10698,MOIB,2020/11/02
CRE,251,202110,10698,202110,10698,MOIE,2020/11/02
CRE,251,202110,10698,202110,10698,RMOT,2020/11/08
CRE,251,202110,10698,202110,10698,WLC,2020/11/02
CRE,253,202110,10114,202110,10114,A4,2020/02/07
CRE,253,202110,10114,202110,10114,MOIB,2020/02/07
CRE,253,202110,10114,202110,10114,MOIE,2020/02/07
CRE,253,202110,10114,202110,10114,RMOT,2020/11/02
CRE,253,202110,10114,202110,10114,W,2020/02/07
CRE,257,202110,10632,202110,10632,MOIE,2020/10/28
CRE,266,202110,10848,202110,10848,MOD2,2020/11/06
CRE,266,202110,10848,202110,10848,MOIE,2020/11/05
CRE,266,202110,10848,202110,10848,W,2020/11/05
CRE,306,202110,10867,202110,10867,MOIB,2020/11/09
CRE,306,202110,10867,202110,10867,MOIE,2020/11/09
CRE,306,202110,10867,202110,10867,RMOT,2020/11/09
CRE,306,202110,10867,202110,10867,SDP,2020/11/09
CRE,306,202110,10867,202110,10867,W,2020/11/09
CRE,310,202110,10239,202110,10239,A3,2020/02/14
CRE,310,202110,10239,202110,10239,MOIE,2020/02/14
CRE,319,202110,10815,202110,10815,MOIB,2020/11/04
CRE,319,202110,10815,202110,10815,MOIE,2020/11/04
CRE,367,202110,10860,202110,10860,MOIE,2020/11/06
CRE,367,202110,10860,202110,10860,W,2020/11/06
CRE,420,202110,10869,202110,10869,RMOT,2020/11/13
CRE,420,202110,10869,202110,10869,W,2020/11/13
CRE,435,202110,10852,202110,10852,MOIE,2020/11/05
CRE,435,202110,10852,202110,10852,W,2020/11/05
CRT,201,202110,10272,202110,10272,RMOT,2020/10/27
DAN,101,202110,10607,202110,10607,MOIA,2020/10/01
DAN,102,202110,10360,202110,10360,RMOT,2020/11/08
DAN,103,202110,10361,202110,10361,RMOT,2020/11/08
DAN,114,202110,10676,202110,10676,A5,2020/11/02
DAN,114,202110,10676,202110,10676,MOIA,2020/11/02
DAN,125,202110,10363,202110,10363,MOIA,2020/02/24
DAN,151,202110,10364,202110,10364,MOIA,2020/06/24
DAN,162,202110,10555,202110,10555,MOIA,2020/06/24
DAN,165,202110,10367,202110,10367,A5,2020/02/24
DAN,165,202110,10367,202110,10367,MOIA,2020/02/24
DAN,165,202110,10367,202110,10367,RMOT,2020/11/02
DAN,165,202110,10678,202110,10678,A5,2020/11/02
DAN,165,202110,10678,202110,10678,MOIA,2020/11/02
DAN,165,202110,10678,202110,10678,SDP,2020/11/02
DAN,207,202110,10608,202110,10608,MOIA,2020/10/01
DAN,214,202110,10684,202110,10684,MOIA,2020/11/02
DAN,222,202110,10365,202110,10365,MOIA,2020/06/24
DAN,262,202110,10730,202110,10730,A5,2020/11/02
DAN,262,202110,10730,202110,10730,MOIA,2020/11/02
DAN,280,202110,10736,202110,10736,MOIA,2020/11/02
DAN,340,202110,10371,202110,10371,A4,2020/02/24
DAN,340,202110,10371,202110,10371,MOIB,2020/02/24
DAN,340,202110,10371,202110,10371,MOIE,2020/02/24
DAN,380,202110,10737,202110,10737,MOIA,2020/11/02
DAN,480,202110,10738,202110,10738,MOIA,2020/11/02
DAN,494,202110,10561,202110,10561,MOIA,2020/03/18
EAS,101,202110,10111,202110,10111,A4,2020/02/07
EAS,101,202110,10111,202110,10111,RMOT,2020/11/02
EAS,101,202110,10111,202110,10111,W,2020/02/07
EAS,102,202110,10818,202110,10818,MOIE,2020/11/05
EAS,102,202110,10818,202110,10818,RMOT,2020/11/08
EAS,104,202110,10643,202110,10643,A7,2020/10/28
EAS,104,202110,10643,202110,10643,MOD1,2020/11/06
EAS,104,202110,10643,202110,10643,MOIE,2020/10/28
EAS,104,202110,10645,202110,10645,A7,2020/10/28
EAS,104,202110,10645,202110,10645,MOD2,2020/11/06
EAS,104,202110,10645,202110,10645,MOIE,2020/10/28
EAS,203,202110,10064,202110,10064,A7,2020/01/30
EAS,203,202110,10064,202110,10064,MOIE,2020/01/30
EAS,204,202110,10650,202110,10650,MOD2,2020/11/06
EAS,204,202110,10650,202110,10650,MOIB,2020/10/28
EAS,204,202110,10650,202110,10650,MOIE,2020/10/28
EAS,232,202110,10834,202110,10834,MOIE,2020/11/05
EAS,232,202110,10834,202110,10834,RMOT,2020/11/08
EAS,253,202110,10112,202110,10112,A4,2020/02/07
EAS,253,202110,10112,202110,10112,MOIB,2020/02/07
EAS,253,202110,10112,202110,10112,MOIE,2020/02/07
EAS,253,202110,10112,202110,10112,RMOT,2020/11/02
EAS,253,202110,10112,202110,10112,W,2020/02/07
EAS,314,202110,10116,202110,10116,MOIB,2020/02/07
EAS,314,202110,10116,202110,10116,MOIE,2020/02/07
EAS,314,202110,10116,202110,10116,RMOT,2020/11/02
EAS,314,202110,10116,202110,10116,SDP,2020/03/30
EAS,428,202110,10096,202110,10096,A7,2020/02/04
EAS,428,202110,10096,202110,10096,MOIE,2020/02/04
EAS,428,202110,10096,202110,10096,RMOT,2020/11/02
EAS,428,202110,10096,202110,10096,W,2020/02/04
EAS,493E,202110,10536,202110,10536,A4,2020/03/16
EAS,493E,202110,10536,202110,10536,MOIB,2020/03/16
EAS,493E,202110,10536,202110,10536,MOIE,2020/03/16
EAS,493E,202110,10536,202110,10536,RMOT,2020/11/02
EAS,493E,202110,10536,202110,10536,W,2020/03/16
ECO,111,202110,10126,202110,10126,A3,2020/02/10
ECO,111,202110,10126,202110,10126,MOIE,2020/02/10
ECO,111,202110,10574,202110,10574,A3,2020/03/24
ECO,111,202110,10574,202110,10574,MOIE,2020/03/24
ECO,112,202110,10127,202110,10127,A3,2020/02/10
ECO,112,202110,10127,202110,10127,MOIE,2020/02/10
ECO,112,202110,10127,202110,10127,RMOT,2020/11/08
ECO,112,202110,10128,202110,10128,A3,2020/02/10
ECO,112,202110,10128,202110,10128,MOIE,2020/02/10
ECO,112,202110,10128,202110,10128,RMOT,2020/11/08
ECO,201,202110,10565,202110,10565,MOIE,2020/03/18
ECO,201,202110,10565,202110,10565,W,2020/03/18
ECO,202,202110,10133,202110,10133,RMOT,2020/11/08
ECO,205,202110,10129,202110,10129,RMOT,2020/11/08
ECO,205,202110,10130,202110,10130,RMOT,2020/11/08
ECO,206,202110,10131,202110,10131,RMOT,2020/11/08
ECO,206,202110,10132,202110,10132,RMOT,2020/11/08
ECO,209,202110,10135,202110,10135,MOIC,2020/02/10
ECO,230,202110,10136,202110,10136,MOIC,2020/02/10
ECO,230,202110,10136,202110,10136,RMOT,2020/11/08
ECO,230,202110,10136,202110,10136,W,2020/02/10
ECO,230,202110,10137,202110,10137,MOIC,2020/02/10
ECO,230,202110,10137,202110,10137,RMOT,2020/11/08
ECO,230,202110,10137,202110,10137,W,2020/02/10
ECO,234,202110,10139,202110,10139,RMOT,2020/11/08
ECO,248,202110,10567,202110,10567,MOIE,2020/03/18
ECO,301,202110,10141,202110,10141,A3,2020/02/11
ECO,301,202110,10141,202110,10141,MOIE,2020/02/11
ECO,322,202110,10142,202110,10142,MOIC,2020/02/11
ECO,322,202110,10142,202110,10142,RMOT,2020/11/08
ECO,330,202110,10485,202110,10485,RMOT,2020/11/08
ECO,403,202110,10568,202110,10568,RMOT,2020/11/08
ECO,408,202110,10145,202110,10145,RMOT,2020/11/08
ECO,412,202110,10146,202110,10146,ADVS,2020/02/11
ECO,412,202110,10146,202110,10146,W,2020/02/11
EDU,104,202110,10862,202110,10862,MOIE,2020/11/08
EDU,223,202110,10438,202110,10438,A3,2020/02/28
EDU,223,202110,10438,202110,10438,MOIE,2020/02/28
EDU,223,202110,10438,202110,10438,RMOT,2020/10/29
EDU,223,202110,10438,202110,10438,W,2020/02/28
EDU,260,202110,10588,202110,10588,CC,2020/03/30
EDU,260,202110,10588,202110,10588,MOIE,2020/03/30
EDU,260,202110,10588,202110,10588,RMOT,2020/10/29
EDU,306,202110,10613,202110,10613,RMOT,2020/10/29
EDU,313,202110,10439,202110,10439,RMOT,2020/10/29
ENG,107,202110,10282,202110,10282,A4,2020/02/18
ENG,107,202110,10282,202110,10282,CC,2020/02/18
ENG,107,202110,10282,202110,10282,MOIB,2020/02/18
ENG,107,202110,10282,202110,10282,RMOT,2020/10/30
ENG,110,202110,10003,202110,10003,A3,2020/01/16
ENG,110,202110,10003,202110,10003,MOIC,2020/01/16
ENG,110,202110,10003,202110,10003,MOIE,2020/01/16
ENG,110,202110,10003,202110,10003,RMOT,2020/10/30
ENG,119,202110,10285,202110,10285,A4,2020/02/18
ENG,119,202110,10285,202110,10285,CC,2020/02/18
ENG,119,202110,10285,202110,10285,MOIB,2020/02/18
ENG,119,202110,10285,202110,10285,RMOT,2020/10/30
ENG,119,202110,10285,202110,10285,W,2020/02/18
ENG,122,202110,10286,202110,10286,CC,2020/02/18
ENG,122,202110,10286,202110,10286,MOIB,2020/02/18
ENG,122,202110,10286,202110,10286,RMOT,2020/10/30
ENG,150,202110,10281,202110,10281,RMOT,2020/10/30
ENG,150,202110,10281,202110,10281,W,2020/02/17
ENG,150,202110,10287,202110,10287,RMOT,2020/10/30
ENG,150,202110,10287,202110,10287,W,2020/02/18
ENG,175,202110,10820,202110,10820,MOIB,2020/11/05
ENG,175,202110,10820,202110,10820,MOIE,2020/11/05
ENG,240,202110,10289,202110,10289,A5,2020/02/18
ENG,240,202110,10289,202110,10289,MOIA,2020/02/18
ENG,240,202110,10289,202110,10289,RMOT,2020/10/30
ENG,240,202110,10289,202110,10289,W,2020/02/18
ENG,250,202110,10290,202110,10290,A4,2020/02/18
ENG,250,202110,10290,202110,10290,MOIB,2020/02/18
ENG,250,202110,10290,202110,10290,RMOT,2020/10/30
ENG,250,202110,10290,202110,10290,W,2020/02/18
ENG,250,202110,10291,202110,10291,A4,2020/02/18
ENG,250,202110,10291,202110,10291,MOIB,2020/02/18
ENG,250,202110,10291,202110,10291,RMOT,2020/10/30
ENG,250,202110,10291,202110,10291,W,2020/02/18
ENG,253,202110,10115,202110,10115,A4,2020/02/07
ENG,253,202110,10115,202110,10115,MOIB,2020/02/07
ENG,253,202110,10115,202110,10115,MOIE,2020/02/07
ENG,253,202110,10115,202110,10115,RMOT,2020/10/30
ENG,253,202110,10115,202110,10115,W,2020/02/07
ENG,301,202110,10292,202110,10292,MOIB,2020/02/18
ENG,301,202110,10292,202110,10292,RMOT,2020/10/30
ENG,301,202110,10292,202110,10292,W,2020/02/18
ENG,319,202110,10600,202110,10600,MOIB,2020/06/11
ENG,319,202110,10600,202110,10600,MOIE,2020/06/11
ENG,319,202110,10600,202110,10600,RMOT,2020/10/30
ENG,322,202110,10294,202110,10294,RMOT,2020/10/30
ENG,322,202110,10294,202110,10294,W,2020/02/18
ENG,331,202110,10295,202110,10295,MOIB,2020/11/04
ENG,331,202110,10295,202110,10295,RMOT,2020/10/30
ENG,333,202110,10296,202110,10296,MOIB,2020/02/18
ENG,333,202110,10296,202110,10296,RMOT,2020/10/30
ENG,333,202110,10296,202110,10296,W,2020/02/18
ENG,340,202110,10298,202110,10298,MOIA,2020/11/04
ENG,340,202110,10298,202110,10298,RMOT,2020/10/30
ENG,340,202110,10298,202110,10298,W,2020/02/18
ENG,368,202110,10299,202110,10299,MOIB,2020/02/18
ENG,368,202110,10299,202110,10299,RMOT,2020/10/30
ENG,368,202110,10299,202110,10299,W,2020/02/18
ENG,379,202110,10581,202110,10581,MOIB,2020/03/30
ENG,379,202110,10581,202110,10581,MOIE,2020/03/30
ENG,379,202110,10581,202110,10581,RMOT,2020/10/30
ENG,379,202110,10581,202110,10581,W,2020/03/30
ENG,381,202110,10596,202110,10596,MOIB,2020/05/08
ENG,381,202110,10596,202110,10596,MOIE,2020/05/08
ENG,381,202110,10596,202110,10596,RMOT,2020/10/30
ENG,381,202110,10596,202110,10596,W,2020/05/08
ENG,493G,202110,10303,202110,10303,MOIB,2020/02/18
ENG,493G,202110,10303,202110,10303,RMOT,2020/10/30
ENG,493G,202110,10303,202110,10303,W,2020/02/18
ENT,201,202110,10473,202110,10473,RMOT,2020/10/27
EOM,201,202110,10612,202110,10612,RMOT,2020/10/27
ES,110,202110,10445,202110,10445,MOID,2020/06/30
ES,110,202110,10445,202110,10445,RMOT,2020/11/08
ES,111,202110,10446,202110,10446,MOIE,2020/02/28
ES,111,202110,10446,202110,10446,RMOT,2020/11/08
ES,113,202110,10767,202110,10767,MOID,2020/11/03
ES,117,202110,10305,202110,10305,A3,2020/02/18
ES,117,202110,10305,202110,10305,CC,2020/02/18
ES,117,202110,10305,202110,10305,MOIE,2020/02/18
ES,117,202110,10305,202110,10305,RMOT,2020/11/08
ES,204,202110,10447,202110,10447,ASPA,2020/02/28
ES,204,202110,10447,202110,10447,MOIE,2020/02/28
ES,204,202110,10447,202110,10447,W,2020/03/30
ES,204,202110,10447,202110,10447,WLC,2020/02/28
ES,207,202110,10308,202110,10308,RMOT,2020/11/08
ES,210,202110,10449,202110,10449,MOIC,2020/02/28
ES,210,202110,10449,202110,10449,MOID,2020/02/28
ES,214,202110,10451,202110,10451,A1,2020/03/02
ES,214,202110,10451,202110,10451,MOIC,2020/03/02
ES,214,202110,10451,202110,10451,RMOT,2020/11/08
ES,214,202110,10451,202110,10451,W,2020/03/02
ES,224,202110,10235,202110,10235,MOIE,2020/02/14
ES,228,202110,10453,202110,10453,A6,2020/03/02
ES,228,202110,10453,202110,10453,MOIB,2020/03/02
ES,228,202110,10453,202110,10453,MOIE,2020/03/02
ES,228,202110,10453,202110,10453,W,2020/03/02
ES,232,202110,10019,202110,10019,MOIE,2020/01/17
ES,232,202110,10019,202110,10019,RMOT,2020/11/08
ES,234,202110,10312,202110,10312,A3,2020/02/18
ES,234,202110,10312,202110,10312,MOIB,2020/02/18
ES,234,202110,10312,202110,10312,MOIE,2020/02/18
ES,234,202110,10312,202110,10312,RMOT,2020/11/08
ES,234,202110,10312,202110,10312,W,2020/02/18
ES,261,202110,10545,202110,10545,A4,2020/03/16
ES,261,202110,10545,202110,10545,MOIE,2020/03/16
ES,290,202110,10454,202110,10454,RMOT,2020/11/08
ES,298,202110,10455,202110,10455,CC,2020/03/30
ES,298,202110,10455,202110,10455,MOIB,2020/03/30
ES,298,202110,10455,202110,10455,MOIE,2020/03/30
ES,298,202110,10455,202110,10455,SDP,2020/03/30
ES,298,202110,10455,202110,10455,W,2020/03/30
ES,313,202110,10460,202110,10460,MOIC,2020/03/02
ES,359,202110,10671,202110,10671,A1,2020/10/30
ES,368,202110,10300,202110,10300,MOIB,2020/02/18
ES,368,202110,10300,202110,10300,RMOT,2020/11/08
ES,368,202110,10300,202110,10300,W,2020/02/18
ES,393,202110,10279,202110,10279,MOIB,2020/06/19
ES,393,202110,10279,202110,10279,MOIE,2020/06/19
ES,393,202110,10279,202110,10279,RMOT,2020/11/08
ES,396,202110,10462,202110,10462,RMOT,2020/11/08
ES,493F,202110,10674,202110,10674,ADVS,2020/10/30
ES,493F,202110,10674,202110,10674,FREE,2020/10/30
ES,493F,202110,10674,202110,10674,RMOT,2020/11/08
ES,493N,202110,10314,202110,10314,ADVS,2020/02/18
ES,493N,202110,10314,202110,10314,FREE,2020/02/18
ES,493N,202110,10314,202110,10314,W,2020/02/18
ES,493U,202110,10463,202110,10463,ADVS,2020/03/02
ES,493U,202110,10463,202110,10463,FREE,2020/03/02
ES,493U,202110,10463,202110,10463,MOIE,2020/03/02
ES,493U,202110,10463,202110,10463,RMOT,2020/11/08
ES,496,202110,10464,202110,10464,RMOT,2020/11/08
FDP,201,202110,10821,202110,10821,RMOT,2020/11/08
FLM,101,202110,10480,202110,10480,A4,2020/03/03
FLM,101,202110,10480,202110,10480,MOIB,2020/03/03
FLM,101,202110,10480,202110,10480,RMOT,2020/10/30
FLM,101,202110,10480,202110,10480,W,2020/03/03
FLM,101,202110,10481,202110,10481,A4,2020/03/03
FLM,101,202110,10481,202110,10481,MOIB,2020/03/03
FLM,101,202110,10481,202110,10481,RMOT,2020/10/30
FLM,101,202110,10481,202110,10481,W,2020/03/03
FLM,202,202110,10482,202110,10482,MOIB,2020/03/03
FLM,202,202110,10482,202110,10482,W,2020/03/03
FLM,209,202110,10490,202110,10490,A4,2020/03/03
FLM,209,202110,10490,202110,10490,MOIB,2020/03/03
FLM,209,202110,10490,202110,10490,RMOT,2020/10/30
FLM,209,202110,10490,202110,10490,W,2020/03/03
FLM,210,202110,10484,202110,10484,A5,2020/03/03
FLM,210,202110,10484,202110,10484,MOIA,2020/03/03
FLM,210,202110,10484,202110,10484,W,2020/03/03
FLM,220,202110,10488,202110,10488,A5,2020/03/03
FLM,220,202110,10488,202110,10488,MOIA,2020/03/03
FLM,220,202110,10488,202110,10488,MOIE,2020/03/03
FLM,238,202110,10486,202110,10486,MOIA,2020/03/03
FLM,238,202110,10486,202110,10486,W,2020/03/03
FLM,298E,202110,10822,202110,10822,MOD1,2020/11/06
FLM,298E,202110,10822,202110,10822,MOIA,2020/11/05
FLM,298E,202110,10822,202110,10822,RMOT,2020/11/06
FLM,298F,202110,10823,202110,10823,MOD1,2020/11/06
FLM,298F,202110,10823,202110,10823,MOIA,2020/11/05
FLM,310,202110,10487,202110,10487,MOIA,2020/03/03
FLM,310,202110,10487,202110,10487,MOIB,2020/03/03
FLM,310,202110,10487,202110,10487,W,2020/03/03
FLM,395W,202110,10489,202110,10489,MOIB,2020/10/30
FLM,395W,202110,10489,202110,10489,W,2020/10/30
FLM,398E,202110,10824,202110,10824,MOD2,2020/11/06
FLM,398E,202110,10824,202110,10824,MOIA,2020/11/05
FLM,398E,202110,10824,202110,10824,RMOT,2020/11/06
FLM,416,202110,10594,202110,10594,MOIB,2020/04/14
FLM,416,202110,10594,202110,10594,RMOT,2020/10/30
FRH,102,202110,10318,202110,10318,AFRH,2020/02/20
FRH,102,202110,10318,202110,10318,EFRH,2020/02/20
FRH,102,202110,10318,202110,10318,RMOT,2020/11/08
FRH,102,202110,10318,202110,10318,WLC,2020/02/20
FRH,102,202110,10321,202110,10321,AFRH,2020/02/20
FRH,102,202110,10321,202110,10321,EFRH,2020/02/20
FRH,102,202110,10321,202110,10321,RMOT,2020/11/08
FRH,102,202110,10321,202110,10321,WLC,2020/02/20
FRH,201,202110,10323,202110,10323,AFRH,2020/02/20
FRH,201,202110,10323,202110,10323,INFL,2020/02/20
FRH,201,202110,10323,202110,10323,RMOT,2020/11/08
FRH,201,202110,10323,202110,10323,W,2020/02/20
FRH,201,202110,10323,202110,10323,WLC,2020/02/20
FRH,202,202110,10324,202110,10324,AFRH,2020/02/20
FRH,202,202110,10324,202110,10324,INFL,2020/02/20
FRH,202,202110,10324,202110,10324,RMOT,2020/11/08
FRH,202,202110,10324,202110,10324,WLC,2020/02/20
FRH,256,202110,10509,202110,10509,A3,2020/03/04
FRH,256,202110,10509,202110,10509,MOIE,2020/03/04
FRH,256,202110,10509,202110,10509,RMOT,2020/11/08
FRH,256,202110,10509,202110,10509,SDP,2020/11/05
FRH,256,202110,10509,202110,10509,W,2020/03/04
FRH,301,202110,10325,202110,10325,AFRH,2020/02/20
FRH,301,202110,10325,202110,10325,INFL,2020/02/20
FRH,301,202110,10325,202110,10325,RMOT,2020/11/08
FRH,301,202110,10325,202110,10325,W,2020/02/20
FRH,301,202110,10325,202110,10325,WLC,2020/02/20
FRH,309F,202110,10326,202110,10326,FLAC,2020/02/20
FRH,312,202110,10328,202110,10328,AFRH,2020/08/11
FRH,312,202110,10328,202110,10328,MOIB,2020/02/20
FRH,312,202110,10328,202110,10328,MOIE,2020/02/20
FRH,312,202110,10328,202110,10328,RMOT,2020/11/08
FRH,312,202110,10328,202110,10328,WLC,2020/02/20
FRH,327,202110,10327,202110,10327,A4,2020/02/20
FRH,327,202110,10327,202110,10327,AFRH,2020/02/20
FRH,327,202110,10327,202110,10327,INFL,2020/02/20
FRH,327,202110,10327,202110,10327,MOIB,2020/02/20
FRH,327,202110,10327,202110,10327,RMOT,2020/11/08
FRH,327,202110,10327,202110,10327,W,2020/02/20
FRH,327,202110,10327,202110,10327,WLC,2020/02/20
FRH,414,202110,10329,202110,10329,RMOT,2020/11/08
FRH,414,202110,10329,202110,10329,W,2020/02/20
FRH,420,202110,10792,202110,10792,RMOT,2020/11/08
FRH,420,202110,10792,202110,10792,W,2020/11/03
GC,201,202110,10100,202110,10100,RMOT,2020/10/27
GEO,210,202110,10450,202110,10450,MOIC,2020/03/02
GEO,210,202110,10450,202110,10450,MOID,2020/03/02
GEO,214,202110,10452,202110,10452,MOIC,2020/03/02
GEO,214,202110,10452,202110,10452,RMOT,2020/11/08
GEO,214,202110,10452,202110,10452,W,2020/07/06
GEO,313,202110,10461,202110,10461,MOIC,2020/03/02
GEO,359,202110,10670,202110,10670,RMOT,2020/11/08
GER,102,202110,10541,202110,10541,AGER,2020/03/16
GER,102,202110,10541,202110,10541,EGER,2020/03/16
GER,102,202110,10541,202110,10541,WLC,2020/03/16
GER,102,202110,10542,202110,10542,AGER,2020/03/16
GER,102,202110,10542,202110,10542,EGER,2020/03/16
GER,102,202110,10542,202110,10542,RMOT,2020/11/08
GER,102,202110,10542,202110,10542,WLC,2020/03/16
GER,110,202110,10004,202110,10004,A3,2020/01/16
GER,110,202110,10004,202110,10004,MOIC,2020/01/16
GER,110,202110,10004,202110,10004,MOIE,2020/01/16
GER,110,202110,10004,202110,10004,RMOT,2020/11/08
GER,202,202110,10543,202110,10543,A4,2020/03/16
GER,202,202110,10543,202110,10543,AGER,2020/03/16
GER,202,202110,10543,202110,10543,INFL,2020/03/16
GER,202,202110,10543,202110,10543,RMOT,2020/11/08
GER,202,202110,10543,202110,10543,WLC,2020/03/16
GER,261,202110,10544,202110,10544,A4,2020/03/16
GER,261,202110,10544,202110,10544,MOIE,2020/03/16
GER,261F,202110,10570,202110,10570,FLAC,2020/03/18
GER,262,202110,10547,202110,10547,A4,2020/03/16
GER,262,202110,10547,202110,10547,MOIE,2020/03/16
GER,313,202110,10807,202110,10807,AGER,2020/11/04
GER,313,202110,10807,202110,10807,MOIB,2020/11/04
GER,313,202110,10807,202110,10807,RMOT,2020/11/08
GER,313,202110,10807,202110,10807,WLC,2020/11/04
GER,405,202110,10808,202110,10808,MOIB,2020/11/04
GER,405,202110,10808,202110,10808,RMOT,2020/11/08
GER,405,202110,10808,202110,10808,WLC,2020/11/04
GER,450,202110,10546,202110,10546,AGER,2020/03/16
GER,450,202110,10546,202110,10546,INFL,2020/03/16
GER,450,202110,10546,202110,10546,WLC,2020/03/16
GIS,102,202110,10550,202110,10550,RMOT,2020/11/08
GIS,102,202110,10550,202110,10550,W,2020/03/16
GIS,102F,202110,10571,202110,10571,FLAC,2020/03/26
GIS,102H,202110,10583,202110,10583,FLAC,2020/03/26
GIS,107,202110,10283,202110,10283,A4,2020/02/18
GIS,107,202110,10283,202110,10283,CC,2020/02/18
GIS,107,202110,10283,202110,10283,MOIB,2020/02/18
GIS,107,202110,10283,202110,10283,RMOT,2020/11/08
GIS,201,202110,10553,202110,10553,MOIB,2020/03/16
GIS,201,202110,10553,202110,10553,MOIE,2020/03/16
GIS,201,202110,10553,202110,10553,W,2020/03/16
GIS,262,202110,10548,202110,10548,A4,2020/03/16
GIS,262,202110,10548,202110,10548,MOIE,2020/03/16
GIS,280F,202110,10861,202110,10861,FLAC,2020/11/06
GIS,381,202110,10597,202110,10597,MOIB,2020/05/08
GIS,381,202110,10597,202110,10597,MOIE,2020/05/08
GIS,381,202110,10597,202110,10597,RMOT,2020/11/08
GIS,381,202110,10597,202110,10597,W,2020/05/08
GIS,400,202110,10563,202110,10563,ADVS,2020/03/18
GIS,400,202110,10563,202110,10563,FREE,2020/03/18
GIS,400,202110,10563,202110,10563,MOIE,2020/03/18
GIS,400,202110,10563,202110,10563,RMOT,2020/11/08
GOV,110,202110,10007,202110,10007,A3,2020/01/17
GOV,110,202110,10007,202110,10007,MOIE,2020/01/17
GOV,110,202110,10007,202110,10007,W,2020/01/17
GOV,111,202110,10008,202110,10008,A3,2020/01/17
GOV,111,202110,10008,202110,10008,MOIE,2020/01/17
GOV,111,202110,10009,202110,10009,A3,2020/01/17
GOV,111,202110,10009,202110,10009,MOD1,2020/11/06
GOV,111,202110,10009,202110,10009,MOIE,2020/01/17
GOV,111,202110,10009,202110,10009,RMOT,2020/11/06
GOV,112,202110,10010,202110,10010,A3,2020/01/17
GOV,112,202110,10010,202110,10010,MOD1,2020/11/06
GOV,112,202110,10010,202110,10010,MOIE,2020/01/17
GOV,112,202110,10010,202110,10010,RMOT,2020/11/06
GOV,112,202110,10411,202110,10411,A3,2020/02/27
GOV,112,202110,10411,202110,10411,MOIE,2020/02/27
GOV,113,202110,10011,202110,10011,A3,2020/01/17
GOV,113,202110,10011,202110,10011,MOIE,2020/01/17
GOV,113,202110,10011,202110,10011,W,2020/01/17
GOV,113,202110,10012,202110,10012,A3,2020/01/17
GOV,113,202110,10012,202110,10012,MOIE,2020/01/17
GOV,113,202110,10012,202110,10012,W,2020/01/17
GOV,203,202110,10013,202110,10013,MOIE,2020/01/17
GOV,212,202110,10014,202110,10014,MOIE,2020/01/17
GOV,212,202110,10014,202110,10014,W,2020/01/17
GOV,214,202110,10015,202110,10015,MOIB,2020/01/17
GOV,214,202110,10015,202110,10015,MOIE,2020/01/17
GOV,214,202110,10015,202110,10015,W,2020/01/17
GOV,222,202110,10764,202110,10764,A3,2020/11/03
GOV,222,202110,10764,202110,10764,CC,2020/11/03
GOV,222,202110,10764,202110,10764,MOD2,2020/11/06
GOV,222,202110,10764,202110,10764,MOIE,2020/11/03
GOV,222,202110,10764,202110,10764,RMOT,2020/11/06
GOV,222,202110,10764,202110,10764,W,2020/11/03
GOV,223,202110,10575,202110,10575,A3,2020/03/24
GOV,223,202110,10575,202110,10575,MOD1,2020/11/06
GOV,223,202110,10575,202110,10575,MOIE,2020/03/24
GOV,223,202110,10575,202110,10575,RMOT,2020/11/06
GOV,225,202110,10017,202110,10017,MOD2,2020/11/06
GOV,225,202110,10017,202110,10017,MOIE,2020/01/17
GOV,225,202110,10017,202110,10017,RMOT,2020/11/06
GOV,225F,202110,10018,202110,10018,FLAC,2020/01/17
GOV,225F,202110,10018,202110,10018,FREE,2020/01/17
GOV,229,202110,10576,202110,10576,MOD2,2020/11/06
GOV,229,202110,10576,202110,10576,MOIE,2020/03/24
GOV,229,202110,10576,202110,10576,W,2020/03/24
GOV,232,202110,10020,202110,10020,MOIE,2020/01/17
GOV,232,202110,10020,202110,10020,RMOT,2020/11/08
GOV,241,202110,10770,202110,10770,MOD1,2020/11/06
GOV,241,202110,10770,202110,10770,MOIE,2020/11/03
GOV,243,202110,10771,202110,10771,A3,2020/11/03
GOV,243,202110,10771,202110,10771,MOIE,2020/11/03
GOV,243,202110,10771,202110,10771,RMOT,2020/11/08
GOV,243,202110,10771,202110,10771,W,2020/11/03
GOV,265,202110,10021,202110,10021,MOIE,2020/01/17
GOV,265,202110,10021,202110,10021,W,2020/01/17
GOV,268,202110,10022,202110,10022,MOIE,2020/01/17
GOV,268,202110,10022,202110,10022,RMOT,2020/11/08
GOV,268,202110,10022,202110,10022,W,2020/01/17
GOV,276,202110,10023,202110,10023,CC,2020/01/17
GOV,276,202110,10023,202110,10023,MOIE,2020/01/17
GOV,276,202110,10023,202110,10023,RMOT,2020/11/08
GOV,276,202110,10023,202110,10023,W,2020/01/17
GOV,312,202110,10603,202110,10603,MOIE,2020/06/25
GOV,312,202110,10603,202110,10603,W,2020/06/25
GOV,314,202110,10604,202110,10604,MOIE,2020/06/25
GOV,314,202110,10604,202110,10604,W,2020/06/25
GOV,324,202110,10024,202110,10024,MOIE,2020/01/17
GOV,324,202110,10024,202110,10024,W,2020/01/17
GOV,329,202110,10772,202110,10772,MOIE,2020/11/03
GOV,329,202110,10772,202110,10772,RMOT,2020/11/08
GOV,329,202110,10772,202110,10772,W,2020/11/03
GOV,493C,202110,10773,202110,10773,MOIE,2020/11/03
GOV,493C,202110,10773,202110,10773,RMOT,2020/11/08
GOV,493C,202110,10773,202110,10773,W,2020/11/03
GOV,493P,202110,10025,202110,10025,ADVS,2020/01/17
GOV,493P,202110,10025,202110,10025,FREE,2020/01/17
GOV,493P,202110,10025,202110,10025,MOIE,2020/01/17
GOV,493P,202110,10025,202110,10025,W,2020/01/17
GOV,493Q,202110,10026,202110,10026,ADVS,2020/01/17
GOV,493Q,202110,10026,202110,10026,FREE,2020/01/17
GOV,493Q,202110,10026,202110,10026,MOIE,2020/01/17
GOV,493Q,202110,10026,202110,10026,W,2020/01/17
GOV,493S,202110,10605,202110,10605,MOIE,2020/06/25
GOV,493S,202110,10605,202110,10605,W,2020/06/25
GOV,493U,202110,10027,202110,10027,ADVS,2020/01/17
GOV,493U,202110,10027,202110,10027,FREE,2020/01/17
GOV,493U,202110,10027,202110,10027,MOIE,2020/01/17
GOV,493U,202110,10027,202110,10027,RMOT,2020/11/08
GOV,493Z,202110,10564,202110,10564,ADVS,2020/03/18
GOV,493Z,202110,10564,202110,10564,FREE,2020/03/18
GOV,493Z,202110,10564,202110,10564,MOIE,2020/03/18
GOV,493Z,202110,10564,202110,10564,RMOT,2020/11/08
GRK,102,202110,10043,202110,10043,AGRK,2020/01/17
GRK,102,202110,10043,202110,10043,EGRK,2020/01/17
GRK,102,202110,10043,202110,10043,WLC,2020/01/17
GRK,226,202110,10044,202110,10044,AGRK,2020/01/17
GRK,226,202110,10044,202110,10044,WLC,2020/01/17
GRK,326,202110,10045,202110,10045,AGRK,2020/01/17
GRK,326,202110,10045,202110,10045,WLC,2020/01/17
GWS,102,202110,10148,202110,10148,MOIE,2020/02/13
GWS,102,202110,10148,202110,10148,RMOT,2020/11/08
GWS,103,202110,10519,202110,10519,A3,2020/03/05
GWS,103,202110,10519,202110,10519,MOIE,2020/03/05
GWS,103,202110,10519,202110,10519,RMOT,2020/11/08
GWS,103,202110,10786,202110,10786,A3,2020/11/03
GWS,103,202110,10786,202110,10786,MOIE,2020/11/03
GWS,103,202110,10786,202110,10786,RMOT,2020/11/08
GWS,200C,202110,10788,202110,10788,MOIA,2020/11/03
GWS,200C,202110,10788,202110,10788,MOIB,2020/11/03
GWS,200C,202110,10788,202110,10788,RMOT,2020/11/08
GWS,200C,202110,10788,202110,10788,W,2020/11/03
GWS,201,202110,10566,202110,10566,MOIE,2020/03/18
GWS,201,202110,10566,202110,10566,W,2020/03/18
GWS,209,202110,10233,202110,10233,MOIE,2020/02/14
GWS,209,202110,10233,202110,10233,SDP,2020/03/30
GWS,213,202110,10661,202110,10661,A4,2020/10/30
GWS,213,202110,10661,202110,10661,MOIB,2020/10/30
GWS,213,202110,10661,202110,10661,W,2020/10/30
GWS,231,202110,10580,202110,10580,MOIE,2020/03/30
GWS,231,202110,10580,202110,10580,RMOT,2020/11/08
GWS,231,202110,10580,202110,10580,SDP,2020/03/30
GWS,262,202110,10549,202110,10549,A4,2020/03/16
GWS,262,202110,10549,202110,10549,MOIE,2020/03/16
GWS,290,202110,10518,202110,10518,A4,2020/03/05
GWS,290,202110,10518,202110,10518,MOIB,2020/03/05
GWS,301,202110,10293,202110,10293,MOIB,2020/02/18
GWS,301,202110,10293,202110,10293,RMOT,2020/11/08
GWS,301,202110,10293,202110,10293,W,2020/02/18
GWS,302,202110,10521,202110,10521,A3,2020/03/05
GWS,302,202110,10521,202110,10521,MOIB,2020/03/05
GWS,302,202110,10521,202110,10521,MOIE,2020/03/05
GWS,302,202110,10521,202110,10521,W,2020/03/05
GWS,318,202110,10118,202110,10118,MOIB,2020/02/07
GWS,318,202110,10118,202110,10118,MOIE,2020/02/07
GWS,318,202110,10118,202110,10118,RMOT,2020/11/08
GWS,318,202110,10118,202110,10118,SDP,2020/03/30
GWS,319,202110,10579,202110,10579,MOIB,2020/03/30
GWS,319,202110,10579,202110,10579,MOIE,2020/03/30
GWS,320,202110,10276,202110,10276,MOIE,2020/02/17
GWS,380,202110,10522,202110,10522,MOIB,2020/03/05
GWS,410,202110,10517,202110,10517,MOD1,2020/11/06
GWS,410,202110,10517,202110,10517,RMOT,2020/11/06
GWS,413,202110,10306,202110,10306,MOIB,2020/02/18
GWS,413,202110,10306,202110,10306,W,2020/02/18
GWS,420,202110,10870,202110,10870,RMOT,2020/11/13
GWS,420,202110,10870,202110,10870,W,2020/11/13
GWS,470,202110,10825,202110,10825,RMOT,2020/11/08
HBR,102,202110,10046,202110,10046,AHBR,2020/01/17
HBR,102,202110,10046,202110,10046,RMOT,2020/11/08
HBR,102,202110,10046,202110,10046,WLC,2020/01/17
HBR,202,202110,10047,202110,10047,AHBR,2020/01/17
HBR,202,202110,10047,202110,10047,INFL,2020/01/17
HBR,202,202110,10047,202110,10047,RMOT,2020/11/08
HBR,202,202110,10047,202110,10047,WLC,2020/01/17
HIS,102,202110,10552,202110,10552,W,2020/03/16
HIS,103,202110,10616,202110,10616,A7,2020/10/28
HIS,103,202110,10616,202110,10616,MOIE,2020/10/28
HIS,103,202110,10616,202110,10616,W,2020/10/28
HIS,215,202110,10621,202110,10621,MOD1,2020/11/06
HIS,215,202110,10621,202110,10621,MOIB,2020/10/28
HIS,215,202110,10621,202110,10621,MOIE,2020/10/28
HIS,215,202110,10621,202110,10621,SDP,2020/11/05
HIS,215,202110,10621,202110,10621,W,2020/10/28
HIS,232,202110,10086,202110,10086,A7,2020/02/04
HIS,232,202110,10086,202110,10086,MOIE,2020/02/04
HIS,232,202110,10086,202110,10086,W,2020/02/04
HIS,241,202110,10088,202110,10088,A7,2020/02/04
HIS,241,202110,10088,202110,10088,MOIE,2020/02/04
HIS,241,202110,10088,202110,10088,W,2020/02/04
HIS,241F,202110,10562,202110,10562,FLAC,2020/03/20
HIS,245,202110,10627,202110,10627,A7,2020/10/28
HIS,245,202110,10627,202110,10627,MOIE,2020/10/28
HIS,257,202110,10630,202110,10630,MOIE,2020/10/28
HIS,266,202110,10845,202110,10845,MOD2,2020/11/06
HIS,266,202110,10845,202110,10845,MOIE,2020/11/05
HIS,266,202110,10845,202110,10845,W,2020/11/05
HIS,268,202110,10595,202110,10595,A3,2020/05/04
HIS,268,202110,10595,202110,10595,CC,2020/05/04
HIS,268,202110,10595,202110,10595,MOIB,2020/05/04
HIS,268,202110,10595,202110,10595,MOIE,2020/05/04
HIS,268,202110,10595,202110,10595,W,2020/05/04
HIS,273,202110,10826,202110,10826,MOD2,2020/11/06
HIS,273,202110,10826,202110,10826,MOIE,2020/11/05
HIS,273,202110,10826,202110,10826,RMOT,2020/11/08
HIS,273,202110,10826,202110,10826,W,2020/11/05
HIS,304,202110,10089,202110,10089,MOIB,2020/02/04
HIS,304,202110,10089,202110,10089,MOIE,2020/02/04
HIS,304,202110,10089,202110,10089,W,2020/02/04
HIS,313,202110,10412,202110,10412,MOIE,2020/02/27
HIS,313,202110,10412,202110,10412,W,2020/02/27
HIS,323,202110,10413,202110,10413,A7,2020/02/27
HIS,323,202110,10413,202110,10413,MOID,2020/02/27
HIS,323,202110,10413,202110,10413,MOIE,2020/02/27
HIS,323,202110,10413,202110,10413,W,2020/02/27
HIS,354,202110,10853,202110,10853,MOD2,2020/11/06
HIS,354,202110,10853,202110,10853,MOIE,2020/11/06
HIS,354,202110,10853,202110,10853,W,2020/11/06
HIS,367,202110,10855,202110,10855,MOIE,2020/11/06
HIS,367,202110,10855,202110,10855,W,2020/11/06
HIS,417,202110,10091,202110,10091,MOIE,2020/02/04
HIS,417,202110,10091,202110,10091,W,2020/02/04
HIS,423,202110,10092,202110,10092,MOIE,2020/02/04
HIS,423,202110,10092,202110,10092,W,2020/02/04
HIS,428,202110,10094,202110,10094,A7,2020/02/04
HIS,428,202110,10094,202110,10094,MOIE,2020/02/04
HIS,428,202110,10094,202110,10094,RMOT,2020/11/08
HIS,428,202110,10094,202110,10094,W,2020/02/04
HIS,435,202110,10849,202110,10849,MOIE,2020/11/05
HIS,435,202110,10849,202110,10849,W,2020/11/05
HIS,465,202110,10097,202110,10097,ADVS,2020/02/04
HIS,465,202110,10097,202110,10097,MOIB,2020/02/04
HIS,465,202110,10097,202110,10097,MOIE,2020/02/04
HIS,465,202110,10097,202110,10097,W,2020/02/04
HMD,103,202110,10147,202110,10147,MOIE,2020/02/13
HMD,103,202110,10147,202110,10147,RMOT,2020/11/08
HMD,111,202110,10149,202110,10149,A3,2020/02/13
HMD,111,202110,10149,202110,10149,MOIE,2020/02/13
HMD,111,202110,10149,202110,10149,RMOT,2020/11/08
HMD,111,202110,10150,202110,10150,A3,2020/02/13
HMD,111,202110,10150,202110,10150,MOIE,2020/02/13
HMD,111,202110,10150,202110,10150,RMOT,2020/11/08
HMD,202,202110,10151,202110,10151,RMOT,2020/11/08
HMD,225,202110,10152,202110,10152,MOIE,2020/02/13
HMD,225,202110,10152,202110,10152,RMOT,2020/11/08
HMD,255,202110,10154,202110,10154,MOIE,2020/02/13
HMD,255,202110,10154,202110,10154,RMOT,2020/11/08
HMD,260,202110,10155,202110,10155,MOIE,2020/02/13
HMD,260,202110,10155,202110,10155,RMOT,2020/11/08
HMD,260,202110,10155,202110,10155,W,2020/02/13
HMD,296,202110,10153,202110,10153,RMOT,2020/11/08
HMD,306,202110,10156,202110,10156,MOIB,2020/02/13
HMD,306,202110,10156,202110,10156,MOIE,2020/02/13
HMD,306,202110,10156,202110,10156,RMOT,2020/11/08
HMD,306,202110,10156,202110,10156,W,2020/02/13
HMD,314,202110,10157,202110,10157,MOIB,2020/02/13
HMD,314,202110,10157,202110,10157,MOIE,2020/02/13
HMD,314,202110,10157,202110,10157,RMOT,2020/11/08
HMD,314,202110,10157,202110,10157,W,2020/02/13
IS,201,202110,10516,202110,10516,SDP,2020/10/28
IS,201,202110,10516,202110,10516,W,2020/03/05
ITL,102,202110,10348,202110,10348,AITL,2020/02/21
ITL,102,202110,10348,202110,10348,EITL,2020/02/21
ITL,102,202110,10348,202110,10348,RMOT,2020/10/30
ITL,102,202110,10348,202110,10348,WLC,2020/02/21
ITL,102,202110,10349,202110,10349,AITL,2020/02/21
ITL,102,202110,10349,202110,10349,EITL,2020/02/21
ITL,102,202110,10349,202110,10349,RMOT,2020/10/30
ITL,102,202110,10349,202110,10349,WLC,2020/02/21
ITL,102,202110,10350,202110,10350,AITL,2020/02/21
ITL,102,202110,10350,202110,10350,EITL,2020/02/21
ITL,102,202110,10350,202110,10350,WLC,2020/02/21
ITL,102,202110,10351,202110,10351,AITL,2020/02/21
ITL,102,202110,10351,202110,10351,EITL,2020/02/21
ITL,102,202110,10351,202110,10351,WLC,2020/02/21
ITL,102,202110,10352,202110,10352,AITL,2020/02/21
ITL,102,202110,10352,202110,10352,EITL,2020/02/21
ITL,102,202110,10352,202110,10352,WLC,2020/02/21
ITL,202,202110,10353,202110,10353,AITL,2020/02/21
ITL,202,202110,10353,202110,10353,INFL,2020/02/21
ITL,202,202110,10353,202110,10353,W,2020/02/21
ITL,202,202110,10353,202110,10353,WLC,2020/02/21
ITL,250,202110,10354,202110,10354,AITL,2020/02/21
ITL,250,202110,10354,202110,10354,INFL,2020/02/21
ITL,250,202110,10354,202110,10354,W,2020/02/21
ITL,250,202110,10354,202110,10354,WLC,2020/02/21
ITL,330,202110,10827,202110,10827,MOIB,2020/11/05
ITL,330,202110,10827,202110,10827,MOIE,2020/11/05
ITL,330,202110,10827,202110,10827,W,2020/11/05
ITL,402F,202110,10572,202110,10572,FLAC,2020/03/26
ITL,416,202110,10593,202110,10593,MOIB,2020/04/14
ITL,416,202110,10593,202110,10593,RMOT,2020/10/30
JPN,102,202110,10052,202110,10052,AJPN,2020/01/17
JPN,102,202110,10052,202110,10052,EJPN,2020/01/17
JPN,102,202110,10052,202110,10052,WLC,2020/01/17
JPN,202,202110,10101,202110,10101,AJPN,2020/02/05
JPN,202,202110,10101,202110,10101,INFL,2020/02/05
JPN,202,202110,10101,202110,10101,WLC,2020/02/05
JS,232,202110,10087,202110,10087,A7,2020/02/04
JS,232,202110,10087,202110,10087,MOIE,2020/02/04
JS,232,202110,10087,202110,10087,W,2020/02/04
JS,248,202110,10475,202110,10475,MOIB,2020/03/02
JS,248,202110,10475,202110,10475,MOIE,2020/03/02
JS,248,202110,10475,202110,10475,RMOT,2020/11/02
JS,248,202110,10475,202110,10475,W,2020/03/02
JS,277,202110,10802,202110,10802,MOIB,2020/11/04
JS,277,202110,10802,202110,10802,MOIE,2020/11/04
JS,277,202110,10802,202110,10802,RMOT,2020/11/08
JS,277,202110,10802,202110,10802,W,2020/11/04
JS,325,202110,10672,202110,10672,MOIB,2020/10/30
JS,325,202110,10672,202110,10672,MOIE,2020/10/30
JS,325,202110,10672,202110,10672,RMOT,2020/11/02
JS,325,202110,10672,202110,10672,W,2020/10/30
JS,425,202110,10477,202110,10477,W,2020/03/02
JS,440P,202110,10804,202110,10804,MOIB,2020/11/04
JS,440P,202110,10804,202110,10804,MOIE,2020/11/04
JS,440P,202110,10804,202110,10804,RMOT,2020/11/08
JS,440P,202110,10804,202110,10804,W,2020/11/04
LA,103,202110,10524,202110,10524,MOD1,2020/10/30
LA,103,202110,10524,202110,10524,RMOT,2020/10/30
LA,103,202110,10525,202110,10525,MOD1,2020/10/30
LA,103,202110,10525,202110,10525,RMOT,2020/10/30
LA,103,202110,10526,202110,10526,MOD1,2020/10/30
LA,103,202110,10526,202110,10526,RMOT,2020/10/30
LA,103,202110,10527,202110,10527,MOD1,2020/10/30
LA,103,202110,10527,202110,10527,RMOT,2020/10/30
LA,103,202110,10528,202110,10528,MOD1,2020/10/30
LA,103,202110,10528,202110,10528,RMOT,2020/10/30
LA,103,202110,10529,202110,10529,MOD1,2020/10/30
LA,103,202110,10529,202110,10529,RMOT,2020/10/30
LA,103,202110,10530,202110,10530,MOD1,2020/10/30
LA,103,202110,10530,202110,10530,RMOT,2020/10/30
LA,103,202110,10532,202110,10532,MOD1,2020/10/30
LA,103,202110,10532,202110,10532,RMOT,2020/10/30
LA,103,202110,10533,202110,10533,MOD1,2020/10/30
LA,103,202110,10533,202110,10533,RMOT,2020/10/30
LA,103,202110,10534,202110,10534,MOD1,2020/10/30
LA,103,202110,10534,202110,10534,RMOT,2020/10/30
LA,103,202110,10614,202110,10614,MOD1,2020/10/30
LA,103,202110,10614,202110,10614,RMOT,2020/10/30
LA,103,202110,10615,202110,10615,MOD1,2020/10/30
LA,103,202110,10615,202110,10615,RMOT,2020/10/30
LA,103,202110,10618,202110,10618,MOD1,2020/10/30
LA,103,202110,10618,202110,10618,RMOT,2020/10/30
LA,103,202110,10620,202110,10620,MOD1,2020/10/30
LA,103,202110,10620,202110,10620,RMOT,2020/10/30
LA,103,202110,10623,202110,10623,MOD1,2020/10/30
LA,103,202110,10623,202110,10623,RMOT,2020/10/30
LA,103,202110,10625,202110,10625,MOD2,2020/10/30
LA,103,202110,10625,202110,10625,RMOT,2020/10/30
LA,103,202110,10626,202110,10626,MOD2,2020/10/30
LA,103,202110,10626,202110,10626,RMOT,2020/10/30
LA,103,202110,10628,202110,10628,MOD2,2020/10/30
LA,103,202110,10628,202110,10628,RMOT,2020/10/30
LA,103,202110,10634,202110,10634,MOD2,2020/10/30
LA,103,202110,10634,202110,10634,RMOT,2020/10/30
LA,103,202110,10635,202110,10635,MOD2,2020/10/30
LA,103,202110,10635,202110,10635,RMOT,2020/10/30
LA,103,202110,10636,202110,10636,MOD2,2020/10/30
LA,103,202110,10636,202110,10636,RMOT,2020/10/30
LA,103,202110,10637,202110,10637,MOD2,2020/10/30
LA,103,202110,10637,202110,10637,RMOT,2020/10/30
LA,103,202110,10638,202110,10638,MOD2,2020/10/30
LA,103,202110,10638,202110,10638,RMOT,2020/10/30
LA,103,202110,10639,202110,10639,MOD2,2020/10/30
LA,103,202110,10639,202110,10639,RMOT,2020/10/30
LA,103,202110,10640,202110,10640,MOD2,2020/10/30
LA,103,202110,10640,202110,10640,RMOT,2020/10/30
LA,103,202110,10641,202110,10641,MOD2,2020/10/30
LA,103,202110,10641,202110,10641,RMOT,2020/10/30
LA,103,202110,10654,202110,10654,MOD2,2020/10/30
LA,103,202110,10654,202110,10654,RMOT,2020/10/30
LA,103,202110,10655,202110,10655,MOD2,2020/10/30
LA,103,202110,10655,202110,10655,RMOT,2020/10/30
LA,103,202110,10656,202110,10656,MOD2,2020/10/30
LA,103,202110,10656,202110,10656,RMOT,2020/10/30
LA,103,202110,10657,202110,10657,MOD2,2020/10/30
LA,103,202110,10657,202110,10657,RMOT,2020/10/30
LAT,102,202110,10048,202110,10048,ALAT,2020/01/17
LAT,102,202110,10048,202110,10048,ELAT,2020/01/17
LAT,102,202110,10048,202110,10048,WLC,2020/01/17
LAT,202,202110,10050,202110,10050,ALAT,2020/01/17
LAT,202,202110,10050,202110,10050,INFL,2020/01/17
LAT,202,202110,10050,202110,10050,RMOT,2020/10/30
LAT,202,202110,10050,202110,10050,WLC,2020/01/17
LIN,110,202110,10002,202110,10002,A3,2020/01/16
LIN,110,202110,10002,202110,10002,MOIC,2020/01/16
LIN,110,202110,10002,202110,10002,MOIE,2020/01/16
LIN,110,202110,10002,202110,10002,RMOT,2020/10/29
LIN,220,202110,10264,202110,10264,MOIE,2020/02/17
LIN,226,202110,10813,202110,10813,MOIB,2020/11/04
MAT,108,202110,10079,202110,10079,A2,2020/01/31
MAT,108,202110,10079,202110,10079,MOIC,2020/01/31
MAT,108,202110,10079,202110,10079,RMOT,2020/11/08
MAT,108,202110,10080,202110,10080,A2,2020/01/31
MAT,108,202110,10080,202110,10080,MOIC,2020/01/31
MAT,108,202110,10080,202110,10080,RMOT,2020/11/08
MAT,110,202110,10081,202110,10081,A2,2020/01/31
MAT,110,202110,10081,202110,10081,CC,2020/01/31
MAT,110,202110,10081,202110,10081,MOIC,2020/01/31
MAT,110,202110,10081,202110,10081,RMOT,2020/11/08
MAT,111,202110,10082,202110,10082,A2,2020/01/31
MAT,111,202110,10082,202110,10082,MOIC,2020/01/31
MAT,111,202110,10082,202110,10082,RMOT,2020/11/08
MAT,112,202110,10083,202110,10083,A2,2020/01/31
MAT,112,202110,10083,202110,10083,MOIC,2020/01/31
MAT,112,202110,10083,202110,10083,RMOT,2020/11/08
MAT,113,202110,10084,202110,10084,A2,2020/01/31
MAT,113,202110,10084,202110,10084,MOIC,2020/01/31
MAT,113,202110,10084,202110,10084,RMOT,2020/11/08
MAT,210,202110,10085,202110,10085,A2,2020/01/31
MAT,210,202110,10085,202110,10085,MOIC,2020/01/31
MAT,210,202110,10085,202110,10085,RMOT,2020/11/08
MAT,210,202110,10119,202110,10119,A2,2020/02/10
MAT,210,202110,10119,202110,10119,MOIC,2020/02/10
MAT,210,202110,10119,202110,10119,RMOT,2020/11/08
MAT,212,202110,10121,202110,10121,A2,2020/02/10
MAT,212,202110,10121,202110,10121,MOD1,2020/11/06
MAT,212,202110,10121,202110,10121,MOIC,2020/02/10
MAT,226,202110,10120,202110,10120,A2,2020/02/10
MAT,226,202110,10120,202110,10120,MOD2,2020/11/06
MAT,226,202110,10120,202110,10120,MOIC,2020/02/10
MAT,303,202110,10122,202110,10122,RMOT,2020/11/08
MAT,303,202110,10122,202110,10122,W,2020/02/10
MAT,316,202110,10123,202110,10123,RMOT,2020/11/08
MAT,495,202110,10125,202110,10125,RMOT,2020/11/08
MDI,201,202110,10863,202110,10863,RMOT,2020/11/08
MUS,109,202110,10828,202110,10828,MOIB,2020/11/05
MUS,109,202110,10828,202110,10828,RMOT,2020/11/08
MUS,122,202110,10320,202110,10320,A5,2020/02/20
MUS,122,202110,10320,202110,10320,CC,2020/02/20
MUS,122,202110,10320,202110,10320,MOIA,2020/02/20
MUS,130,202110,10322,202110,10322,A5,2020/02/20
MUS,130,202110,10322,202110,10322,CC,2020/02/20
MUS,130,202110,10322,202110,10322,MOIA,2020/02/20
MUS,130,202110,10322,202110,10322,RMOT,2020/11/08
MUS,206,202110,10330,202110,10330,A5,2020/02/20
MUS,206,202110,10330,202110,10330,MOIA,2020/02/20
MUS,206,202110,10330,202110,10330,MOIB,2020/03/30
MUS,206,202110,10330,202110,10330,RMOT,2020/11/08
MUS,220E,202110,10337,202110,10337,MOD2,2020/11/06
MUS,228,202110,10829,202110,10829,MOIA,2020/11/05
MUS,228,202110,10829,202110,10829,MOIE,2020/11/05
MUS,230,202110,10830,202110,10830,MOIB,2020/11/05
MUS,230,202110,10830,202110,10830,MOIE,2020/11/05
MUS,230,202110,10830,202110,10830,RMOT,2020/11/08
MUS,232,202110,10833,202110,10833,MOIE,2020/11/05
MUS,232,202110,10833,202110,10833,RMOT,2020/11/08
MUS,248,202110,10342,202110,10342,A7,2020/02/20
MUS,248,202110,10342,202110,10342,MOIB,2020/03/30
MUS,248,202110,10342,202110,10342,MOIE,2020/02/20
MUS,304,202110,10343,202110,10343,MOIA,2020/03/30
MUS,304,202110,10343,202110,10343,MOIB,2020/03/30
MUS,308,202110,10345,202110,10345,MOIE,2020/02/20
MUS,324,202110,10590,202110,10590,MOIA,2020/04/06
MUS,445,202110,10832,202110,10832,MOIA,2020/11/05
MUS,493A,202110,10591,202110,10591,MOIB,2020/04/06
MUS,493A,202110,10591,202110,10591,RMOT,2020/11/08
MUS,493A,202110,10591,202110,10591,W,2020/04/06
NEU,214,202110,10793,202110,10793,RMOT,2020/11/08
NEU,215,202110,10778,202110,10778,RMOT,2020/11/08
NEU,316,202110,10791,202110,10791,MOID,2020/11/03
NEU,322,202110,10795,202110,10795,RMOT,2020/11/08
NEU,322,202110,10795,202110,10795,W,2020/11/03
NEU,336,202110,10796,202110,10796,RMOT,2020/11/08
PBH,201,202110,10610,202110,10610,RMOT,2020/10/27
PHE,101B,202110,10805,202110,10805,100L,2020/11/04
PHE,101B,202110,10805,202110,10805,FREE,2020/11/04
PHE,101B,202110,10805,202110,10805,MOD2,2020/11/04
PHE,101C,202110,10584,202110,10584,100L,2020/03/26
PHE,101C,202110,10584,202110,10584,FREE,2020/03/26
PHE,101C,202110,10584,202110,10584,MOD2,2020/11/04
PHE,101F,202110,10414,202110,10414,100L,2020/02/27
PHE,101F,202110,10414,202110,10414,FREE,2020/02/27
PHE,101F,202110,10414,202110,10414,MOD1,2020/11/04
PHE,101G,202110,10424,202110,10424,100L,2020/02/28
PHE,101G,202110,10424,202110,10424,FREE,2020/02/28
PHE,101G,202110,10424,202110,10424,MOD1,2020/11/04
PHE,101G,202110,10435,202110,10435,100L,2020/02/28
PHE,101G,202110,10435,202110,10435,FREE,2020/02/28
PHE,101G,202110,10435,202110,10435,MOD1,2020/11/04
PHE,101G,202110,10436,202110,10436,100L,2020/02/28
PHE,101G,202110,10436,202110,10436,FREE,2020/02/28
PHE,101G,202110,10436,202110,10436,MOD2,2020/11/04
PHE,101H,202110,10810,202110,10810,100L,2020/11/04
PHE,101H,202110,10810,202110,10810,MOD2,2020/11/06
PHE,101I,202110,10790,202110,10790,100L,2020/11/03
PHE,101I,202110,10790,202110,10790,MOD2,2020/11/04
PHE,101L,202110,10806,202110,10806,100L,2020/11/04
PHE,101L,202110,10806,202110,10806,FREE,2020/11/04
PHE,101L,202110,10806,202110,10806,MOD2,2020/11/06
PHE,101M,202110,10434,202110,10434,100L,2020/02/28
PHE,101M,202110,10434,202110,10434,FREE,2020/02/28
PHE,101M,202110,10434,202110,10434,MOD1,2020/11/04
PHE,101P,202110,10415,202110,10415,100L,2020/02/27
PHE,101P,202110,10415,202110,10415,FREE,2020/02/27
PHE,101P,202110,10415,202110,10415,MOD2,2020/11/04
PHE,101R,202110,10416,202110,10416,100L,2020/02/27
PHE,101R,202110,10416,202110,10416,FREE,2020/02/27
PHE,101S,202110,10417,202110,10417,100L,2020/02/27
PHE,101S,202110,10417,202110,10417,FREE,2020/02/27
PHE,101T,202110,10418,202110,10418,100L,2020/02/27
PHE,101T,202110,10418,202110,10418,FREE,2020/02/27
PHE,101V,202110,10419,202110,10419,100L,2020/02/28
PHE,101V,202110,10419,202110,10419,FREE,2020/02/28
PHE,101Z,202110,10420,202110,10420,100L,2020/02/28
PHE,101Z,202110,10420,202110,10420,FREE,2020/02/28
PHE,101Z,202110,10420,202110,10420,MOD1,2020/11/04
PHE,101Z,202110,10421,202110,10421,100L,2020/02/28
PHE,101Z,202110,10421,202110,10421,FREE,2020/02/28
PHE,101Z,202110,10421,202110,10421,MOD1,2020/11/04
PHE,102B,202110,10422,202110,10422,100L,2020/02/28
PHE,102B,202110,10422,202110,10422,FREE,2020/02/28
PHE,102B,202110,10422,202110,10422,MOD1,2020/11/04
PHE,102O,202110,10423,202110,10423,100L,2020/02/28
PHE,102O,202110,10423,202110,10423,FREE,2020/02/28
PHE,102S,202110,10809,202110,10809,MOD2,2020/11/06
PHE,104G,202110,10431,202110,10431,100L,2020/02/28
PHE,104G,202110,10431,202110,10431,FREE,2020/02/28
PHE,104G,202110,10431,202110,10431,MOD2,2020/11/04
PHE,104G,202110,10432,202110,10432,100L,2020/02/28
PHE,104G,202110,10432,202110,10432,FREE,2020/02/28
PHE,104G,202110,10432,202110,10432,MOD2,2020/11/04
PHE,105E,202110,10425,202110,10425,100L,2020/02/28
PHE,105E,202110,10425,202110,10425,FREE,2020/02/28
PHE,105E,202110,10426,202110,10426,100L,2020/02/28
PHE,105E,202110,10426,202110,10426,FREE,2020/02/28
PHE,106,202110,10835,202110,10835,MOD2,2020/11/06
PHE,107,202110,10836,202110,10836,MOD2,2020/11/06
PHE,110,202110,10433,202110,10433,MOD2,2020/11/04
PHE,135,202110,10429,202110,10429,MOD2,2020/11/04
PHI,101,202110,10030,202110,10030,A6,2020/01/17
PHI,101,202110,10030,202110,10030,MOIB,2020/01/17
PHI,101,202110,10030,202110,10030,MOIE,2020/01/17
PHI,101,202110,10030,202110,10030,W,2020/01/17
PHI,101,202110,10031,202110,10031,A6,2020/01/17
PHI,101,202110,10031,202110,10031,MOIB,2020/01/17
PHI,101,202110,10031,202110,10031,MOIE,2020/01/17
PHI,101,202110,10031,202110,10031,W,2020/01/17
PHI,201,202110,10032,202110,10032,A6,2020/01/17
PHI,201,202110,10032,202110,10032,MOIB,2020/01/17
PHI,201,202110,10032,202110,10032,MOIE,2020/01/17
PHI,201,202110,10032,202110,10032,RMOT,2020/11/08
PHI,201,202110,10032,202110,10032,W,2020/01/17
PHI,202,202110,10777,202110,10777,A6,2020/11/03
PHI,202,202110,10777,202110,10777,MOIB,2020/11/03
PHI,202,202110,10777,202110,10777,MOIE,2020/11/03
PHI,202,202110,10777,202110,10777,RMOT,2020/11/08
PHI,202,202110,10777,202110,10777,W,2020/11/03
PHI,206,202110,10033,202110,10033,A6,2020/01/17
PHI,206,202110,10033,202110,10033,MOIB,2020/01/17
PHI,206,202110,10033,202110,10033,MOIE,2020/01/17
PHI,206,202110,10033,202110,10033,RMOT,2020/11/08
PHI,206,202110,10033,202110,10033,W,2020/01/17
PHI,220,202110,10800,202110,10800,A6,2020/11/03
PHI,220,202110,10800,202110,10800,MOIB,2020/11/03
PHI,229,202110,10036,202110,10036,A6,2020/01/17
PHI,229,202110,10036,202110,10036,MOIB,2020/01/17
PHI,229,202110,10036,202110,10036,MOIE,2020/01/17
PHI,229,202110,10036,202110,10036,W,2020/01/17
PHI,229,202110,10801,202110,10801,A6,2020/11/03
PHI,229,202110,10801,202110,10801,MOIB,2020/11/03
PHI,229,202110,10801,202110,10801,MOIE,2020/11/03
PHI,229,202110,10801,202110,10801,W,2020/11/03
PHI,244,202110,10016,202110,10016,A6,2020/01/17
PHI,244,202110,10016,202110,10016,MOIB,2020/01/17
PHI,244,202110,10016,202110,10016,MOIE,2020/01/17
PHI,244,202110,10016,202110,10016,W,2020/01/17
PHI,277,202110,10034,202110,10034,A6,2020/01/17
PHI,277,202110,10034,202110,10034,MOIB,2020/01/17
PHI,277,202110,10034,202110,10034,MOIE,2020/01/17
PHI,277,202110,10034,202110,10034,RMOT,2020/11/08
PHI,277,202110,10034,202110,10034,W,2020/01/17
PHI,320,202110,10038,202110,10038,W,2020/01/17
PHI,330S,202110,10837,202110,10837,MOIB,2020/11/05
PHI,330S,202110,10837,202110,10837,RMOT,2020/11/08
PHI,330S,202110,10837,202110,10837,W,2020/11/05
PHI,440P,202110,10803,202110,10803,A6,2020/11/04
PHI,440P,202110,10803,202110,10803,MOIB,2020/11/04
PHI,440P,202110,10803,202110,10803,MOIE,2020/11/04
PHI,440P,202110,10803,202110,10803,RMOT,2020/11/08
PHI,440P,202110,10803,202110,10803,W,2020/11/04
PHY,108,202110,10104,202110,10104,A1,2020/02/07
PHY,108,202110,10104,202110,10104,MOID,2020/02/07
PHY,108L,202110,10105,202110,10105,100L,2020/02/07
PHY,108L,202110,10105,202110,10105,RMOT,2020/11/03
PHY,108L,202110,10106,202110,10106,100L,2020/02/07
PHY,108L,202110,10106,202110,10106,RMOT,2020/11/03
PHY,108L,202110,10765,202110,10765,100L,2020/11/03
PHY,108L,202110,10765,202110,10765,RMOT,2020/11/03
PHY,110,202110,10107,202110,10107,A1,2020/02/07
PHY,110,202110,10107,202110,10107,MOID,2020/02/07
PHY,113,202110,10766,202110,10766,MOID,2020/11/03
PK,201,202110,10444,202110,10444,RMOT,2020/10/27
PSY,100,202110,10390,202110,10390,A1,2020/02/25
PSY,100,202110,10390,202110,10390,MOID,2020/02/25
PSY,100,202110,10391,202110,10391,A1,2020/02/25
PSY,100,202110,10391,202110,10391,MOID,2020/02/25
PSY,100,202110,10392,202110,10392,A1,2020/02/25
PSY,100,202110,10392,202110,10392,MOID,2020/02/25
PSY,100,202110,10393,202110,10393,A1,2020/02/25
PSY,100,202110,10393,202110,10393,MOID,2020/02/25
PSY,100,202110,10394,202110,10394,A1,2020/02/25
PSY,100,202110,10394,202110,10394,MOID,2020/02/25
PSY,100,202110,10395,202110,10395,A1,2020/02/25
PSY,100,202110,10395,202110,10395,MOID,2020/02/25
PSY,100,202110,10396,202110,10396,A1,2020/02/25
PSY,100,202110,10396,202110,10396,MOID,2020/02/25
PSY,100,202110,10397,202110,10397,A1,2020/02/25
PSY,100,202110,10397,202110,10397,MOID,2020/02/25
PSY,150,202110,10776,202110,10776,RMOT,2020/11/08
PSY,201,202110,10398,202110,10398,MOIC,2020/02/27
PSY,201,202110,10398,202110,10398,RMOT,2020/11/08
PSY,201,202110,10399,202110,10399,MOIC,2020/02/27
PSY,201,202110,10399,202110,10399,RMOT,2020/11/08
PSY,202,202110,10400,202110,10400,MOID,2020/02/27
PSY,202,202110,10400,202110,10400,RMOT,2020/11/08
PSY,202,202110,10400,202110,10400,W,2020/02/27
PSY,202,202110,10401,202110,10401,MOID,2020/02/27
PSY,202,202110,10401,202110,10401,RMOT,2020/11/08
PSY,202,202110,10401,202110,10401,W,2020/02/27
PSY,208,202110,10781,202110,10781,MOID,2020/11/03
PSY,208,202110,10781,202110,10781,RMOT,2020/11/08
PSY,210,202110,10403,202110,10403,RMOT,2020/11/08
PSY,210,202110,10403,202110,10403,SDP,2020/11/05
PSY,214,202110,10173,202110,10173,RMOT,2020/11/08
PSY,215,202110,10404,202110,10404,RMOT,2020/11/08
PSY,307,202110,10405,202110,10405,RMOT,2020/11/08
PSY,309,202110,10782,202110,10782,RMOT,2020/11/08
PSY,321,202110,10783,202110,10783,RMOT,2020/11/08
PSY,322,202110,10179,202110,10179,RMOT,2020/11/08
PSY,322,202110,10179,202110,10179,W,2020/02/13
PSY,336,202110,10183,202110,10183,RMOT,2020/11/08
PSY,403,202110,10780,202110,10780,RMOT,2020/11/08
PSY,403,202110,10780,202110,10780,W,2020/11/03
PSY,413,202110,10408,202110,10408,RMOT,2020/11/08
PSY,416,202110,10409,202110,10409,RMOT,2020/11/08
REL,102,202110,10551,202110,10551,W,2020/03/16
REL,165A,202110,10587,202110,10587,MOIA,2020/11/02
REL,165A,202110,10587,202110,10587,RMOT,2020/11/02
REL,165A,202110,10682,202110,10682,A5,2020/11/02
REL,165A,202110,10682,202110,10682,MOIA,2020/11/02
REL,165A,202110,10682,202110,10682,SDP,2020/11/02
REL,248,202110,10476,202110,10476,MOIB,2020/03/02
REL,248,202110,10476,202110,10476,MOIE,2020/03/02
REL,248,202110,10476,202110,10476,RMOT,2020/11/08
REL,248,202110,10476,202110,10476,W,2020/03/02
REL,298,202110,10459,202110,10459,A6,2020/03/02
REL,298,202110,10459,202110,10459,CC,2020/03/02
REL,298,202110,10459,202110,10459,MOIB,2020/03/02
REL,298,202110,10459,202110,10459,MOIE,2020/03/02
REL,298,202110,10459,202110,10459,SDP,2020/03/30
REL,298,202110,10459,202110,10459,W,2020/03/02
REL,325,202110,10673,202110,10673,MOIB,2020/10/30
REL,325,202110,10673,202110,10673,MOIE,2020/10/30
REL,325,202110,10673,202110,10673,RMOT,2020/11/08
REL,325,202110,10673,202110,10673,W,2020/10/30
REL,425,202110,10478,202110,10478,W,2020/03/02
RUS,102,202110,10456,202110,10456,ARUS,2020/03/02
RUS,102,202110,10456,202110,10456,ERUS,2020/03/02
RUS,102,202110,10456,202110,10456,WLC,2020/03/02
RUS,202,202110,10457,202110,10457,ARUS,2020/03/02
RUS,202,202110,10457,202110,10457,INFL,2020/03/02
RUS,202,202110,10457,202110,10457,RMOT,2020/11/08
RUS,202,202110,10457,202110,10457,WLC,2020/03/02
RUS,307,202110,10687,202110,10687,ARUS,2020/11/02
RUS,307,202110,10687,202110,10687,WLC,2020/11/02
SLA,107,202110,10284,202110,10284,A4,2020/02/18
SLA,107,202110,10284,202110,10284,CC,2020/02/18
SLA,107,202110,10284,202110,10284,MOIB,2020/02/18
SLA,107,202110,10284,202110,10284,RMOT,2020/11/08
SLA,203,202110,10838,202110,10838,MOIB,2020/11/05
SLA,203,202110,10838,202110,10838,MOIE,2020/11/05
SLA,226,202110,10458,202110,10458,MOIB,2020/03/02
SLA,490,202110,10029,202110,10029,ADVS,2020/01/17
SLA,490,202110,10029,202110,10029,FREE,2020/01/17
SLA,494,202110,10465,202110,10465,ADVS,2020/03/02
SOC,103,202110,10227,202110,10227,A3,2020/02/14
SOC,103,202110,10227,202110,10227,MOIE,2020/02/14
SOC,103,202110,10227,202110,10227,RMOT,2020/10/30
SOC,103,202110,10228,202110,10228,A3,2020/02/14
SOC,103,202110,10228,202110,10228,MOIE,2020/02/14
SOC,103,202110,10228,202110,10228,RMOT,2020/10/30
SOC,103,202110,10229,202110,10229,A3,2020/02/14
SOC,103,202110,10229,202110,10229,MOIE,2020/02/14
SOC,103,202110,10229,202110,10229,RMOT,2020/10/30
SOC,103,202110,10230,202110,10230,A3,2020/02/14
SOC,103,202110,10230,202110,10230,MOIE,2020/02/14
SOC,103,202110,10230,202110,10230,RMOT,2020/10/30
SOC,204,202110,10231,202110,10231,MOIE,2020/02/14
SOC,204,202110,10231,202110,10231,RMOT,2020/10/30
SOC,208,202110,10232,202110,10232,MOIE,2020/02/14
SOC,208,202110,10232,202110,10232,SDP,2020/03/30
SOC,224,202110,10234,202110,10234,MOIE,2020/02/14
SOC,237,202110,10839,202110,10839,MOIE,2020/11/05
SOC,237,202110,10839,202110,10839,RMOT,2020/11/08
SOC,238,202110,10666,202110,10666,MOIE,2020/10/30
SOC,238,202110,10666,202110,10666,RMOT,2020/10/30
SOC,262,202110,10236,202110,10236,MOIE,2020/02/14
SOC,262,202110,10236,202110,10236,RMOT,2020/10/30
SOC,262,202110,10667,202110,10667,MOIE,2020/10/30
SOC,262,202110,10667,202110,10667,RMOT,2020/10/30
SOC,310,202110,10238,202110,10238,A3,2020/02/14
SOC,310,202110,10238,202110,10238,MOIE,2020/02/14
SOC,325,202110,10237,202110,10237,MOIB,2020/02/14
SOC,325,202110,10237,202110,10237,MOIE,2020/02/14
SOC,325,202110,10237,202110,10237,RMOT,2020/10/30
SOC,407,202110,10856,202110,10856,MOIE,2020/11/06
SOC,407,202110,10856,202110,10856,RMOT,2020/11/08
SPA,101,202110,10675,202110,10675,ASPA,2020/11/02
SPA,101,202110,10675,202110,10675,MOD1,2020/11/03
SPA,101,202110,10675,202110,10675,MOIE,2020/11/02
SPA,101,202110,10675,202110,10675,RMOT,2020/11/03
SPA,101,202110,10675,202110,10675,WLC,2020/11/02
SPA,102,202110,10373,202110,10373,ASPA,2020/02/25
SPA,102,202110,10373,202110,10373,MOIE,2020/11/02
SPA,102,202110,10373,202110,10373,RMOT,2020/11/03
SPA,102,202110,10373,202110,10373,WLC,2020/02/25
SPA,102,202110,10374,202110,10374,ASPA,2020/02/25
SPA,102,202110,10374,202110,10374,MOIE,2020/11/02
SPA,102,202110,10374,202110,10374,RMOT,2020/11/03
SPA,102,202110,10374,202110,10374,WLC,2020/02/25
SPA,102,202110,10375,202110,10375,ASPA,2020/02/25
SPA,102,202110,10375,202110,10375,MOIE,2020/11/02
SPA,102,202110,10375,202110,10375,WLC,2020/02/25
SPA,103,202110,10376,202110,10376,ASPA,2020/02/25
SPA,103,202110,10376,202110,10376,INFL,2020/02/25
SPA,103,202110,10376,202110,10376,MOIE,2020/02/25
SPA,103,202110,10376,202110,10376,WLC,2020/02/25
SPA,110,202110,10005,202110,10005,A3,2020/01/16
SPA,110,202110,10005,202110,10005,MOIC,2020/01/16
SPA,110,202110,10005,202110,10005,MOIE,2020/01/16
SPA,110,202110,10005,202110,10005,RMOT,2020/11/03
SPA,121,202110,10377,202110,10377,ASPA,2020/02/25
SPA,121,202110,10377,202110,10377,INFL,2020/02/25
SPA,121,202110,10377,202110,10377,MOIE,2020/02/25
SPA,121,202110,10377,202110,10377,WLC,2020/02/25
SPA,121,202110,10378,202110,10378,ASPA,2020/02/25
SPA,121,202110,10378,202110,10378,INFL,2020/02/25
SPA,121,202110,10378,202110,10378,MOIE,2020/02/25
SPA,121,202110,10378,202110,10378,WLC,2020/02/25
SPA,125,202110,10379,202110,10379,ASPA,2020/02/25
SPA,125,202110,10379,202110,10379,CC,2020/02/25
SPA,125,202110,10379,202110,10379,INFL,2020/02/25
SPA,125,202110,10379,202110,10379,MOIE,2020/02/25
SPA,125,202110,10379,202110,10379,WLC,2020/02/25
SPA,204,202110,10448,202110,10448,ASPA,2020/02/28
SPA,204,202110,10448,202110,10448,MOIE,2020/02/28
SPA,204,202110,10448,202110,10448,W,2020/03/30
SPA,204,202110,10448,202110,10448,WLC,2020/02/28
SPA,207,202110,10380,202110,10380,ASPA,2020/02/25
SPA,207,202110,10380,202110,10380,INFL,2020/02/25
SPA,207,202110,10380,202110,10380,MOIE,2020/02/25
SPA,207,202110,10380,202110,10380,WLC,2020/02/25
SPA,207,202110,10381,202110,10381,ASPA,2020/02/25
SPA,207,202110,10381,202110,10381,INFL,2020/02/25
SPA,207,202110,10381,202110,10381,MOIE,2020/02/25
SPA,207,202110,10381,202110,10381,WLC,2020/02/25
SPA,208,202110,10382,202110,10382,A4,2020/02/25
SPA,208,202110,10382,202110,10382,ASPA,2020/02/25
SPA,208,202110,10382,202110,10382,INFL,2020/02/25
SPA,208,202110,10382,202110,10382,MOIB,2020/02/25
SPA,208,202110,10382,202110,10382,MOIE,2020/02/25
SPA,208,202110,10382,202110,10382,WLC,2020/02/25
SPA,209,202110,10383,202110,10383,ASPA,2020/02/25
SPA,209,202110,10383,202110,10383,INFL,2020/02/25
SPA,209,202110,10383,202110,10383,MOIE,2020/02/25
SPA,209,202110,10383,202110,10383,RMOT,2020/11/03
SPA,209,202110,10383,202110,10383,SDP,2020/03/30
SPA,209,202110,10383,202110,10383,W,2020/02/25
SPA,209,202110,10383,202110,10383,WLC,2020/02/25
SPA,236,202110,10683,202110,10683,ASPA,2020/11/02
SPA,236,202110,10683,202110,10683,WLC,2020/11/02
SPA,251,202110,10384,202110,10384,A4,2020/02/25
SPA,251,202110,10384,202110,10384,ASPA,2020/02/25
SPA,251,202110,10384,202110,10384,MOIB,2020/02/25
SPA,251,202110,10384,202110,10384,MOIE,2020/02/25
SPA,251,202110,10384,202110,10384,WLC,2020/02/25
SPA,252,202110,10385,202110,10385,ASPA,2020/02/25
SPA,252,202110,10385,202110,10385,MOIB,2020/11/02
SPA,252,202110,10385,202110,10385,MOIE,2020/02/25
SPA,252,202110,10385,202110,10385,RMOT,2020/11/03
SPA,252,202110,10385,202110,10385,WLC,2020/02/25
SPA,257,202110,10633,202110,10633,MOIE,2020/10/28
SPA,312,202110,10759,202110,10759,ASPA,2020/11/03
SPA,312,202110,10759,202110,10759,INFL,2020/11/03
SPA,312,202110,10759,202110,10759,MOD2,2020/11/03
SPA,312,202110,10759,202110,10759,MOIE,2020/11/03
SPA,312,202110,10759,202110,10759,RMOT,2020/11/03
SPA,319,202110,10386,202110,10386,ASPA,2020/02/25
SPA,319,202110,10386,202110,10386,INFL,2020/02/25
SPA,319,202110,10386,202110,10386,MOIB,2020/02/25
SPA,319,202110,10386,202110,10386,MOIE,2020/02/25
SPA,319,202110,10386,202110,10386,WLC,2020/02/25
SPA,336,202110,10760,202110,10760,ASPA,2020/11/03
SPA,336,202110,10760,202110,10760,MOIA,2020/11/03
SPA,336,202110,10760,202110,10760,MOIB,2020/11/03
SPA,336,202110,10760,202110,10760,WLC,2020/11/03
SPA,343,202110,10387,202110,10387,ASPA,2020/11/03
SPA,343,202110,10387,202110,10387,MOD1,2020/11/03
SPA,343,202110,10387,202110,10387,MOIB,2020/02/25
SPA,343,202110,10387,202110,10387,MOIE,2020/02/25
SPA,343,202110,10387,202110,10387,RMOT,2020/11/03
SPA,343,202110,10387,202110,10387,W,2020/02/25
SPA,343,202110,10387,202110,10387,WLC,2020/11/03
SPA,412,202110,10761,202110,10761,ASPA,2020/11/03
SPA,412,202110,10761,202110,10761,MOD2,2020/11/03
SPA,412,202110,10761,202110,10761,MOIE,2020/11/03
SPA,412,202110,10761,202110,10761,RMOT,2020/11/03
SPA,412,202110,10761,202110,10761,WLC,2020/11/03
SPA,419,202110,10388,202110,10388,ASPA,2020/02/25
SPA,419,202110,10388,202110,10388,MOIB,2020/02/25
SPA,419,202110,10388,202110,10388,MOIE,2020/02/25
SPA,419,202110,10388,202110,10388,WLC,2020/02/25
SPA,443,202110,10389,202110,10389,ASPA,2020/02/25
SPA,443,202110,10389,202110,10389,MOD1,2020/11/03
SPA,443,202110,10389,202110,10389,MOIB,2020/02/25
SPA,443,202110,10389,202110,10389,MOIE,2020/02/25
SPA,443,202110,10389,202110,10389,RMOT,2020/11/03
SPA,443,202110,10389,202110,10389,W,2020/02/25
SPA,443,202110,10389,202110,10389,WLC,2020/02/25
STA,107,202110,10355,202110,10355,A2,2020/02/21
STA,107,202110,10355,202110,10355,MOIC,2020/02/21
STA,107,202110,10355,202110,10355,RMOT,2020/11/08
STA,107,202110,10356,202110,10356,A2,2020/02/21
STA,107,202110,10356,202110,10356,MOIC,2020/02/21
STA,107,202110,10356,202110,10356,RMOT,2020/11/08
STA,107,202110,10789,202110,10789,A2,2020/11/03
STA,107,202110,10789,202110,10789,MOD2,2020/11/06
STA,107,202110,10789,202110,10789,MOIC,2020/11/03
STA,107,202110,10789,202110,10789,RMOT,2020/11/06
STA,206,202110,10357,202110,10357,A2,2020/02/21
STA,206,202110,10357,202110,10357,MOIC,2020/02/21
STA,207,202110,10358,202110,10358,A2,2020/02/21
STA,207,202110,10358,202110,10358,MOIC,2020/02/21
STA,207,202110,10358,202110,10358,RMOT,2020/11/08
STA,209,202110,10359,202110,10359,A2,2020/02/21
STA,209,202110,10359,202110,10359,MOD2,2020/11/06
STA,209,202110,10359,202110,10359,MOIC,2020/02/21
STA,209,202110,10359,202110,10359,RMOT,2020/11/06
STA,235,202110,10768,202110,10768,MOD1,2020/11/06
STA,235,202110,10768,202110,10768,MOIC,2020/11/03
STA,235,202110,10768,202110,10768,MOID,2020/11/03
STA,235,202110,10768,202110,10768,RMOT,2020/11/06
THE,104,202110,10491,202110,10491,A5,2020/03/04
THE,104,202110,10491,202110,10491,MOIA,2020/03/04
THE,212,202110,10492,202110,10492,W,2020/03/04
THE,225,202110,10840,202110,10840,MOIA,2020/11/05
THE,243,202110,10501,202110,10501,A5,2020/03/04
THE,243,202110,10501,202110,10501,MOD1,2020/11/06
THE,247,202110,10504,202110,10504,A5,2020/03/04
THE,247,202110,10504,202110,10504,MOIA,2020/03/04
THE,276,202110,10338,202110,10338,MOD2,2020/11/08
THE,325,202110,10280,202110,10280,MOIA,2020/02/17
THE,341,202110,10505,202110,10505,A4,2020/03/04
THE,341,202110,10505,202110,10505,RMOT,2020/10/30
,,,,,,,